filename,filepath,label,category
Au_ani_00001.jpg,./data\Dataset\Au\Au_ani_00001.jpg,0,authentic_ani
Au_ani_00002.jpg,./data\Dataset\Au\Au_ani_00002.jpg,0,authentic_ani
Au_ani_00003.jpg,./data\Dataset\Au\Au_ani_00003.jpg,0,authentic_ani
Au_ani_00004.jpg,./data\Dataset\Au\Au_ani_00004.jpg,0,authentic_ani
Au_ani_00005.jpg,./data\Dataset\Au\Au_ani_00005.jpg,0,authentic_ani
Au_ani_00007.jpg,./data\Dataset\Au\Au_ani_00007.jpg,0,authentic_ani
Au_ani_00009.jpg,./data\Dataset\Au\Au_ani_00009.jpg,0,authentic_ani
Au_ani_00010.jpg,./data\Dataset\Au\Au_ani_00010.jpg,0,authentic_ani
Au_ani_00011.jpg,./data\Dataset\Au\Au_ani_00011.jpg,0,authentic_ani
Au_ani_00012.jpg,./data\Dataset\Au\Au_ani_00012.jpg,0,authentic_ani
Au_ani_00013.jpg,./data\Dataset\Au\Au_ani_00013.jpg,0,authentic_ani
Au_ani_00014.jpg,./data\Dataset\Au\Au_ani_00014.jpg,0,authentic_ani
Au_ani_00017.jpg,./data\Dataset\Au\Au_ani_00017.jpg,0,authentic_ani
Au_ani_00018.jpg,./data\Dataset\Au\Au_ani_00018.jpg,0,authentic_ani
Au_ani_00019.jpg,./data\Dataset\Au\Au_ani_00019.jpg,0,authentic_ani
Au_ani_00021.jpg,./data\Dataset\Au\Au_ani_00021.jpg,0,authentic_ani
Au_ani_00023.jpg,./data\Dataset\Au\Au_ani_00023.jpg,0,authentic_ani
Au_ani_00025.jpg,./data\Dataset\Au\Au_ani_00025.jpg,0,authentic_ani
Au_ani_00026.jpg,./data\Dataset\Au\Au_ani_00026.jpg,0,authentic_ani
Au_ani_00027.jpg,./data\Dataset\Au\Au_ani_00027.jpg,0,authentic_ani
Au_ani_00030.jpg,./data\Dataset\Au\Au_ani_00030.jpg,0,authentic_ani
Au_ani_00031.jpg,./data\Dataset\Au\Au_ani_00031.jpg,0,authentic_ani
Au_ani_00032.jpg,./data\Dataset\Au\Au_ani_00032.jpg,0,authentic_ani
Au_ani_00033.jpg,./data\Dataset\Au\Au_ani_00033.jpg,0,authentic_ani
Au_ani_00035.jpg,./data\Dataset\Au\Au_ani_00035.jpg,0,authentic_ani
Au_ani_00037.jpg,./data\Dataset\Au\Au_ani_00037.jpg,0,authentic_ani
Au_ani_00038.jpg,./data\Dataset\Au\Au_ani_00038.jpg,0,authentic_ani
Au_ani_00039.jpg,./data\Dataset\Au\Au_ani_00039.jpg,0,authentic_ani
Au_ani_00040.jpg,./data\Dataset\Au\Au_ani_00040.jpg,0,authentic_ani
Au_ani_00041.jpg,./data\Dataset\Au\Au_ani_00041.jpg,0,authentic_ani
Au_ani_00043.jpg,./data\Dataset\Au\Au_ani_00043.jpg,0,authentic_ani
Au_ani_00044.jpg,./data\Dataset\Au\Au_ani_00044.jpg,0,authentic_ani
Au_ani_00045.jpg,./data\Dataset\Au\Au_ani_00045.jpg,0,authentic_ani
Au_ani_00046.jpg,./data\Dataset\Au\Au_ani_00046.jpg,0,authentic_ani
Au_ani_00047.jpg,./data\Dataset\Au\Au_ani_00047.jpg,0,authentic_ani
Au_ani_00048.jpg,./data\Dataset\Au\Au_ani_00048.jpg,0,authentic_ani
Au_ani_00050.jpg,./data\Dataset\Au\Au_ani_00050.jpg,0,authentic_ani
Au_ani_00051.jpg,./data\Dataset\Au\Au_ani_00051.jpg,0,authentic_ani
Au_ani_00052.jpg,./data\Dataset\Au\Au_ani_00052.jpg,0,authentic_ani
Au_ani_00054.jpg,./data\Dataset\Au\Au_ani_00054.jpg,0,authentic_ani
Au_ani_00055.jpg,./data\Dataset\Au\Au_ani_00055.jpg,0,authentic_ani
Au_ani_00057.jpg,./data\Dataset\Au\Au_ani_00057.jpg,0,authentic_ani
Au_ani_00058.jpg,./data\Dataset\Au\Au_ani_00058.jpg,0,authentic_ani
Au_ani_00061.jpg,./data\Dataset\Au\Au_ani_00061.jpg,0,authentic_ani
Au_ani_00062.jpg,./data\Dataset\Au\Au_ani_00062.jpg,0,authentic_ani
Au_ani_00063.jpg,./data\Dataset\Au\Au_ani_00063.jpg,0,authentic_ani
Au_ani_00064.jpg,./data\Dataset\Au\Au_ani_00064.jpg,0,authentic_ani
Au_ani_00065.jpg,./data\Dataset\Au\Au_ani_00065.jpg,0,authentic_ani
Au_ani_00067.jpg,./data\Dataset\Au\Au_ani_00067.jpg,0,authentic_ani
Au_ani_00068.jpg,./data\Dataset\Au\Au_ani_00068.jpg,0,authentic_ani
Au_ani_00069.jpg,./data\Dataset\Au\Au_ani_00069.jpg,0,authentic_ani
Au_ani_00070.jpg,./data\Dataset\Au\Au_ani_00070.jpg,0,authentic_ani
Au_ani_00071.jpg,./data\Dataset\Au\Au_ani_00071.jpg,0,authentic_ani
Au_ani_00072.jpg,./data\Dataset\Au\Au_ani_00072.jpg,0,authentic_ani
Au_ani_00073.jpg,./data\Dataset\Au\Au_ani_00073.jpg,0,authentic_ani
Au_ani_00074.jpg,./data\Dataset\Au\Au_ani_00074.jpg,0,authentic_ani
Au_ani_00076.jpg,./data\Dataset\Au\Au_ani_00076.jpg,0,authentic_ani
Au_ani_00077.jpg,./data\Dataset\Au\Au_ani_00077.jpg,0,authentic_ani
Au_ani_00078.jpg,./data\Dataset\Au\Au_ani_00078.jpg,0,authentic_ani
Au_ani_00079.jpg,./data\Dataset\Au\Au_ani_00079.jpg,0,authentic_ani
Au_ani_00081.jpg,./data\Dataset\Au\Au_ani_00081.jpg,0,authentic_ani
Au_ani_00082.jpg,./data\Dataset\Au\Au_ani_00082.jpg,0,authentic_ani
Au_ani_00083.jpg,./data\Dataset\Au\Au_ani_00083.jpg,0,authentic_ani
Au_ani_00084.jpg,./data\Dataset\Au\Au_ani_00084.jpg,0,authentic_ani
Au_ani_00085.jpg,./data\Dataset\Au\Au_ani_00085.jpg,0,authentic_ani
Au_ani_00086.jpg,./data\Dataset\Au\Au_ani_00086.jpg,0,authentic_ani
Au_ani_00087.jpg,./data\Dataset\Au\Au_ani_00087.jpg,0,authentic_ani
Au_ani_00088.jpg,./data\Dataset\Au\Au_ani_00088.jpg,0,authentic_ani
Au_ani_00089.jpg,./data\Dataset\Au\Au_ani_00089.jpg,0,authentic_ani
Au_ani_00093.jpg,./data\Dataset\Au\Au_ani_00093.jpg,0,authentic_ani
Au_ani_00095.jpg,./data\Dataset\Au\Au_ani_00095.jpg,0,authentic_ani
Au_ani_00096.jpg,./data\Dataset\Au\Au_ani_00096.jpg,0,authentic_ani
Au_ani_00097.jpg,./data\Dataset\Au\Au_ani_00097.jpg,0,authentic_ani
Au_ani_00100.jpg,./data\Dataset\Au\Au_ani_00100.jpg,0,authentic_ani
Au_ani_10001.JPG,./data\Dataset\Au\Au_ani_10001.JPG,0,authentic_ani
Au_ani_10101.jpg,./data\Dataset\Au\Au_ani_10101.jpg,0,authentic_ani
Au_ani_10104.jpg,./data\Dataset\Au\Au_ani_10104.jpg,0,authentic_ani
Au_ani_10105.jpg,./data\Dataset\Au\Au_ani_10105.jpg,0,authentic_ani
Au_ani_10111.jpg,./data\Dataset\Au\Au_ani_10111.jpg,0,authentic_ani
Au_ani_10115.JPG,./data\Dataset\Au\Au_ani_10115.JPG,0,authentic_ani
Au_ani_10123.JPG,./data\Dataset\Au\Au_ani_10123.JPG,0,authentic_ani
Au_ani_10136.jpg,./data\Dataset\Au\Au_ani_10136.jpg,0,authentic_ani
Au_ani_10142.jpg,./data\Dataset\Au\Au_ani_10142.jpg,0,authentic_ani
Au_ani_10143.jpg,./data\Dataset\Au\Au_ani_10143.jpg,0,authentic_ani
Au_ani_10146.jpg,./data\Dataset\Au\Au_ani_10146.jpg,0,authentic_ani
Au_ani_10157.jpg,./data\Dataset\Au\Au_ani_10157.jpg,0,authentic_ani
Au_ani_10159.jpg,./data\Dataset\Au\Au_ani_10159.jpg,0,authentic_ani
Au_ani_10171.jpg,./data\Dataset\Au\Au_ani_10171.jpg,0,authentic_ani
Au_ani_10174.jpg,./data\Dataset\Au\Au_ani_10174.jpg,0,authentic_ani
Au_ani_10192.jpg,./data\Dataset\Au\Au_ani_10192.jpg,0,authentic_ani
Au_ani_10209.jpg,./data\Dataset\Au\Au_ani_10209.jpg,0,authentic_ani
Au_ani_10214.jpg,./data\Dataset\Au\Au_ani_10214.jpg,0,authentic_ani
Au_ani_10215.jpg,./data\Dataset\Au\Au_ani_10215.jpg,0,authentic_ani
Au_ani_10216.jpg,./data\Dataset\Au\Au_ani_10216.jpg,0,authentic_ani
Au_ani_10220.jpg,./data\Dataset\Au\Au_ani_10220.jpg,0,authentic_ani
Au_ani_20003.jpg,./data\Dataset\Au\Au_ani_20003.jpg,0,authentic_ani
Au_ani_20005.jpg,./data\Dataset\Au\Au_ani_20005.jpg,0,authentic_ani
Au_ani_20015.jpg,./data\Dataset\Au\Au_ani_20015.jpg,0,authentic_ani
Au_ani_20039.jpg,./data\Dataset\Au\Au_ani_20039.jpg,0,authentic_ani
Au_ani_20045.jpg,./data\Dataset\Au\Au_ani_20045.jpg,0,authentic_ani
Au_ani_20048.jpg,./data\Dataset\Au\Au_ani_20048.jpg,0,authentic_ani
Au_ani_20054.jpg,./data\Dataset\Au\Au_ani_20054.jpg,0,authentic_ani
Au_ani_20057.jpg,./data\Dataset\Au\Au_ani_20057.jpg,0,authentic_ani
Au_ani_20065.jpg,./data\Dataset\Au\Au_ani_20065.jpg,0,authentic_ani
Au_ani_20068.jpg,./data\Dataset\Au\Au_ani_20068.jpg,0,authentic_ani
Au_ani_30001.jpg,./data\Dataset\Au\Au_ani_30001.jpg,0,authentic_ani
Au_ani_30004.jpg,./data\Dataset\Au\Au_ani_30004.jpg,0,authentic_ani
Au_ani_30018.jpg,./data\Dataset\Au\Au_ani_30018.jpg,0,authentic_ani
Au_ani_30020.jpg,./data\Dataset\Au\Au_ani_30020.jpg,0,authentic_ani
Au_ani_30048.jpg,./data\Dataset\Au\Au_ani_30048.jpg,0,authentic_ani
Au_ani_30086.jpg,./data\Dataset\Au\Au_ani_30086.jpg,0,authentic_ani
Au_ani_30092.jpg,./data\Dataset\Au\Au_ani_30092.jpg,0,authentic_ani
Au_ani_30114.jpg,./data\Dataset\Au\Au_ani_30114.jpg,0,authentic_ani
Au_ani_30115.jpg,./data\Dataset\Au\Au_ani_30115.jpg,0,authentic_ani
Au_ani_30116.jpg,./data\Dataset\Au\Au_ani_30116.jpg,0,authentic_ani
Au_ani_30129.jpg,./data\Dataset\Au\Au_ani_30129.jpg,0,authentic_ani
Au_ani_30172.jpg,./data\Dataset\Au\Au_ani_30172.jpg,0,authentic_ani
Au_ani_30184.jpg,./data\Dataset\Au\Au_ani_30184.jpg,0,authentic_ani
Au_ani_30187.jpg,./data\Dataset\Au\Au_ani_30187.jpg,0,authentic_ani
Au_ani_30197.jpg,./data\Dataset\Au\Au_ani_30197.jpg,0,authentic_ani
Au_ani_30204.jpg,./data\Dataset\Au\Au_ani_30204.jpg,0,authentic_ani
Au_ani_30220.jpg,./data\Dataset\Au\Au_ani_30220.jpg,0,authentic_ani
Au_ani_30251.jpg,./data\Dataset\Au\Au_ani_30251.jpg,0,authentic_ani
Au_ani_30266.jpg,./data\Dataset\Au\Au_ani_30266.jpg,0,authentic_ani
Au_ani_30268.jpg,./data\Dataset\Au\Au_ani_30268.jpg,0,authentic_ani
Au_ani_30279.jpg,./data\Dataset\Au\Au_ani_30279.jpg,0,authentic_ani
Au_ani_30314.jpg,./data\Dataset\Au\Au_ani_30314.jpg,0,authentic_ani
Au_ani_30358.jpg,./data\Dataset\Au\Au_ani_30358.jpg,0,authentic_ani
Au_ani_30377.jpg,./data\Dataset\Au\Au_ani_30377.jpg,0,authentic_ani
Au_ani_30383.jpg,./data\Dataset\Au\Au_ani_30383.jpg,0,authentic_ani
Au_ani_30392.jpg,./data\Dataset\Au\Au_ani_30392.jpg,0,authentic_ani
Au_ani_30396.jpg,./data\Dataset\Au\Au_ani_30396.jpg,0,authentic_ani
Au_ani_30402.jpg,./data\Dataset\Au\Au_ani_30402.jpg,0,authentic_ani
Au_ani_30405.jpg,./data\Dataset\Au\Au_ani_30405.jpg,0,authentic_ani
Au_ani_30409.jpg,./data\Dataset\Au\Au_ani_30409.jpg,0,authentic_ani
Au_ani_30411.jpg,./data\Dataset\Au\Au_ani_30411.jpg,0,authentic_ani
Au_ani_30412.jpg,./data\Dataset\Au\Au_ani_30412.jpg,0,authentic_ani
Au_ani_30413.jpg,./data\Dataset\Au\Au_ani_30413.jpg,0,authentic_ani
Au_ani_30426.jpg,./data\Dataset\Au\Au_ani_30426.jpg,0,authentic_ani
Au_ani_30428.jpg,./data\Dataset\Au\Au_ani_30428.jpg,0,authentic_ani
Au_ani_30431.jpg,./data\Dataset\Au\Au_ani_30431.jpg,0,authentic_ani
Au_ani_30434.jpg,./data\Dataset\Au\Au_ani_30434.jpg,0,authentic_ani
Au_ani_30449.jpg,./data\Dataset\Au\Au_ani_30449.jpg,0,authentic_ani
Au_ani_30454.jpg,./data\Dataset\Au\Au_ani_30454.jpg,0,authentic_ani
Au_ani_30455.jpg,./data\Dataset\Au\Au_ani_30455.jpg,0,authentic_ani
Au_ani_30459.jpg,./data\Dataset\Au\Au_ani_30459.jpg,0,authentic_ani
Au_ani_30461.jpg,./data\Dataset\Au\Au_ani_30461.jpg,0,authentic_ani
Au_ani_30464.jpg,./data\Dataset\Au\Au_ani_30464.jpg,0,authentic_ani
Au_ani_30465.jpg,./data\Dataset\Au\Au_ani_30465.jpg,0,authentic_ani
Au_ani_30466.jpg,./data\Dataset\Au\Au_ani_30466.jpg,0,authentic_ani
Au_ani_30471.jpg,./data\Dataset\Au\Au_ani_30471.jpg,0,authentic_ani
Au_ani_30473.jpg,./data\Dataset\Au\Au_ani_30473.jpg,0,authentic_ani
Au_ani_30485.jpg,./data\Dataset\Au\Au_ani_30485.jpg,0,authentic_ani
Au_ani_30488.jpg,./data\Dataset\Au\Au_ani_30488.jpg,0,authentic_ani
Au_ani_30501.jpg,./data\Dataset\Au\Au_ani_30501.jpg,0,authentic_ani
Au_ani_30545.jpg,./data\Dataset\Au\Au_ani_30545.jpg,0,authentic_ani
Au_ani_30546.jpg,./data\Dataset\Au\Au_ani_30546.jpg,0,authentic_ani
Au_ani_30559.jpg,./data\Dataset\Au\Au_ani_30559.jpg,0,authentic_ani
Au_ani_30560.jpg,./data\Dataset\Au\Au_ani_30560.jpg,0,authentic_ani
Au_ani_30562.jpg,./data\Dataset\Au\Au_ani_30562.jpg,0,authentic_ani
Au_ani_30579.jpg,./data\Dataset\Au\Au_ani_30579.jpg,0,authentic_ani
Au_ani_30582.jpg,./data\Dataset\Au\Au_ani_30582.jpg,0,authentic_ani
Au_ani_30695.jpg,./data\Dataset\Au\Au_ani_30695.jpg,0,authentic_ani
Au_ani_30706.jpg,./data\Dataset\Au\Au_ani_30706.jpg,0,authentic_ani
Au_ani_30738.jpg,./data\Dataset\Au\Au_ani_30738.jpg,0,authentic_ani
Au_ani_30740.jpg,./data\Dataset\Au\Au_ani_30740.jpg,0,authentic_ani
Au_ani_30764.jpg,./data\Dataset\Au\Au_ani_30764.jpg,0,authentic_ani
Au_ani_30795.jpg,./data\Dataset\Au\Au_ani_30795.jpg,0,authentic_ani
Au_arc_00003.jpg,./data\Dataset\Au\Au_arc_00003.jpg,0,authentic_arc
Au_arc_00006.jpg,./data\Dataset\Au\Au_arc_00006.jpg,0,authentic_arc
Au_arc_00013.jpg,./data\Dataset\Au\Au_arc_00013.jpg,0,authentic_arc
Au_arc_00017.jpg,./data\Dataset\Au\Au_arc_00017.jpg,0,authentic_arc
Au_arc_00021.jpg,./data\Dataset\Au\Au_arc_00021.jpg,0,authentic_arc
Au_arc_00023.jpg,./data\Dataset\Au\Au_arc_00023.jpg,0,authentic_arc
Au_arc_00024.jpg,./data\Dataset\Au\Au_arc_00024.jpg,0,authentic_arc
Au_arc_00025.jpg,./data\Dataset\Au\Au_arc_00025.jpg,0,authentic_arc
Au_arc_00027.jpg,./data\Dataset\Au\Au_arc_00027.jpg,0,authentic_arc
Au_arc_00030.jpg,./data\Dataset\Au\Au_arc_00030.jpg,0,authentic_arc
Au_arc_00039.jpg,./data\Dataset\Au\Au_arc_00039.jpg,0,authentic_arc
Au_arc_00044.jpg,./data\Dataset\Au\Au_arc_00044.jpg,0,authentic_arc
Au_arc_00050.jpg,./data\Dataset\Au\Au_arc_00050.jpg,0,authentic_arc
Au_arc_00053.jpg,./data\Dataset\Au\Au_arc_00053.jpg,0,authentic_arc
Au_arc_00054.jpg,./data\Dataset\Au\Au_arc_00054.jpg,0,authentic_arc
Au_arc_00058.jpg,./data\Dataset\Au\Au_arc_00058.jpg,0,authentic_arc
Au_arc_00060.jpg,./data\Dataset\Au\Au_arc_00060.jpg,0,authentic_arc
Au_arc_00069.jpg,./data\Dataset\Au\Au_arc_00069.jpg,0,authentic_arc
Au_arc_00071.jpg,./data\Dataset\Au\Au_arc_00071.jpg,0,authentic_arc
Au_arc_00073.jpg,./data\Dataset\Au\Au_arc_00073.jpg,0,authentic_arc
Au_arc_00082.jpg,./data\Dataset\Au\Au_arc_00082.jpg,0,authentic_arc
Au_arc_00085.jpg,./data\Dataset\Au\Au_arc_00085.jpg,0,authentic_arc
Au_arc_00086.jpg,./data\Dataset\Au\Au_arc_00086.jpg,0,authentic_arc
Au_arc_00088.jpg,./data\Dataset\Au\Au_arc_00088.jpg,0,authentic_arc
Au_arc_00090.jpg,./data\Dataset\Au\Au_arc_00090.jpg,0,authentic_arc
Au_arc_00100.jpg,./data\Dataset\Au\Au_arc_00100.jpg,0,authentic_arc
Au_arc_10118.jpg,./data\Dataset\Au\Au_arc_10118.jpg,0,authentic_arc
Au_arc_20072.jpg,./data\Dataset\Au\Au_arc_20072.jpg,0,authentic_arc
Au_arc_30018.jpg,./data\Dataset\Au\Au_arc_30018.jpg,0,authentic_arc
Au_arc_30021.jpg,./data\Dataset\Au\Au_arc_30021.jpg,0,authentic_arc
Au_arc_30037.jpg,./data\Dataset\Au\Au_arc_30037.jpg,0,authentic_arc
Au_arc_30042.jpg,./data\Dataset\Au\Au_arc_30042.jpg,0,authentic_arc
Au_arc_30242.jpg,./data\Dataset\Au\Au_arc_30242.jpg,0,authentic_arc
Au_arc_30373.jpg,./data\Dataset\Au\Au_arc_30373.jpg,0,authentic_arc
Au_arc_30400.jpg,./data\Dataset\Au\Au_arc_30400.jpg,0,authentic_arc
Au_arc_30549.jpg,./data\Dataset\Au\Au_arc_30549.jpg,0,authentic_arc
Au_art_00001.jpg,./data\Dataset\Au\Au_art_00001.jpg,0,authentic_art
Au_art_00006.jpg,./data\Dataset\Au\Au_art_00006.jpg,0,authentic_art
Au_art_00007.jpg,./data\Dataset\Au\Au_art_00007.jpg,0,authentic_art
Au_art_00009.jpg,./data\Dataset\Au\Au_art_00009.jpg,0,authentic_art
Au_art_00010.jpg,./data\Dataset\Au\Au_art_00010.jpg,0,authentic_art
Au_art_00014.jpg,./data\Dataset\Au\Au_art_00014.jpg,0,authentic_art
Au_art_00018.jpg,./data\Dataset\Au\Au_art_00018.jpg,0,authentic_art
Au_art_00019.jpg,./data\Dataset\Au\Au_art_00019.jpg,0,authentic_art
Au_art_00023.jpg,./data\Dataset\Au\Au_art_00023.jpg,0,authentic_art
Au_art_00025.jpg,./data\Dataset\Au\Au_art_00025.jpg,0,authentic_art
Au_art_00028.jpg,./data\Dataset\Au\Au_art_00028.jpg,0,authentic_art
Au_art_00029.jpg,./data\Dataset\Au\Au_art_00029.jpg,0,authentic_art
Au_art_00032.jpg,./data\Dataset\Au\Au_art_00032.jpg,0,authentic_art
Au_art_00033.jpg,./data\Dataset\Au\Au_art_00033.jpg,0,authentic_art
Au_art_00035.jpg,./data\Dataset\Au\Au_art_00035.jpg,0,authentic_art
Au_art_00036.jpg,./data\Dataset\Au\Au_art_00036.jpg,0,authentic_art
Au_art_00037.jpg,./data\Dataset\Au\Au_art_00037.jpg,0,authentic_art
Au_art_00039.jpg,./data\Dataset\Au\Au_art_00039.jpg,0,authentic_art
Au_art_00040.jpg,./data\Dataset\Au\Au_art_00040.jpg,0,authentic_art
Au_art_00044.JPG,./data\Dataset\Au\Au_art_00044.JPG,0,authentic_art
Au_art_00045.jpg,./data\Dataset\Au\Au_art_00045.jpg,0,authentic_art
Au_art_00046.jpg,./data\Dataset\Au\Au_art_00046.jpg,0,authentic_art
Au_art_00047.jpg,./data\Dataset\Au\Au_art_00047.jpg,0,authentic_art
Au_art_00051.jpg,./data\Dataset\Au\Au_art_00051.jpg,0,authentic_art
Au_art_00052.jpg,./data\Dataset\Au\Au_art_00052.jpg,0,authentic_art
Au_art_00053.jpg,./data\Dataset\Au\Au_art_00053.jpg,0,authentic_art
Au_art_00056.jpg,./data\Dataset\Au\Au_art_00056.jpg,0,authentic_art
Au_art_00058.jpg,./data\Dataset\Au\Au_art_00058.jpg,0,authentic_art
Au_art_00061.jpg,./data\Dataset\Au\Au_art_00061.jpg,0,authentic_art
Au_art_00064.jpg,./data\Dataset\Au\Au_art_00064.jpg,0,authentic_art
Au_art_00065.jpg,./data\Dataset\Au\Au_art_00065.jpg,0,authentic_art
Au_art_00067.jpg,./data\Dataset\Au\Au_art_00067.jpg,0,authentic_art
Au_art_00068.jpg,./data\Dataset\Au\Au_art_00068.jpg,0,authentic_art
Au_art_00072.jpg,./data\Dataset\Au\Au_art_00072.jpg,0,authentic_art
Au_art_00073.jpg,./data\Dataset\Au\Au_art_00073.jpg,0,authentic_art
Au_art_00076.jpg,./data\Dataset\Au\Au_art_00076.jpg,0,authentic_art
Au_art_00079.jpg,./data\Dataset\Au\Au_art_00079.jpg,0,authentic_art
Au_art_00080.jpg,./data\Dataset\Au\Au_art_00080.jpg,0,authentic_art
Au_art_00082.jpg,./data\Dataset\Au\Au_art_00082.jpg,0,authentic_art
Au_art_00086.jpg,./data\Dataset\Au\Au_art_00086.jpg,0,authentic_art
Au_art_00088.jpg,./data\Dataset\Au\Au_art_00088.jpg,0,authentic_art
Au_art_00089.jpg,./data\Dataset\Au\Au_art_00089.jpg,0,authentic_art
Au_art_00090.jpg,./data\Dataset\Au\Au_art_00090.jpg,0,authentic_art
Au_art_00091.jpg,./data\Dataset\Au\Au_art_00091.jpg,0,authentic_art
Au_art_00095.jpg,./data\Dataset\Au\Au_art_00095.jpg,0,authentic_art
Au_art_00096.jpg,./data\Dataset\Au\Au_art_00096.jpg,0,authentic_art
Au_art_00097.jpg,./data\Dataset\Au\Au_art_00097.jpg,0,authentic_art
Au_art_00098.jpg,./data\Dataset\Au\Au_art_00098.jpg,0,authentic_art
Au_art_00099.jpg,./data\Dataset\Au\Au_art_00099.jpg,0,authentic_art
Au_art_00100.jpg,./data\Dataset\Au\Au_art_00100.jpg,0,authentic_art
Au_art_10008.jpg,./data\Dataset\Au\Au_art_10008.jpg,0,authentic_art
Au_art_10012.jpg,./data\Dataset\Au\Au_art_10012.jpg,0,authentic_art
Au_art_10013.jpg,./data\Dataset\Au\Au_art_10013.jpg,0,authentic_art
Au_art_10017.jpg,./data\Dataset\Au\Au_art_10017.jpg,0,authentic_art
Au_art_10018.jpg,./data\Dataset\Au\Au_art_10018.jpg,0,authentic_art
Au_art_20005.jpg,./data\Dataset\Au\Au_art_20005.jpg,0,authentic_art
Au_art_30033.jpg,./data\Dataset\Au\Au_art_30033.jpg,0,authentic_art
Au_art_30077.jpg,./data\Dataset\Au\Au_art_30077.jpg,0,authentic_art
Au_art_30250.jpg,./data\Dataset\Au\Au_art_30250.jpg,0,authentic_art
Au_art_30299.jpg,./data\Dataset\Au\Au_art_30299.jpg,0,authentic_art
Au_art_30307.jpg,./data\Dataset\Au\Au_art_30307.jpg,0,authentic_art
Au_art_30340.jpg,./data\Dataset\Au\Au_art_30340.jpg,0,authentic_art
Au_art_30439.jpg,./data\Dataset\Au\Au_art_30439.jpg,0,authentic_art
Au_art_30440.jpg,./data\Dataset\Au\Au_art_30440.jpg,0,authentic_art
Au_art_30460.jpg,./data\Dataset\Au\Au_art_30460.jpg,0,authentic_art
Au_art_30462.jpg,./data\Dataset\Au\Au_art_30462.jpg,0,authentic_art
Au_art_30519.jpg,./data\Dataset\Au\Au_art_30519.jpg,0,authentic_art
Au_art_30538.jpg,./data\Dataset\Au\Au_art_30538.jpg,0,authentic_art
Au_art_30550.jpg,./data\Dataset\Au\Au_art_30550.jpg,0,authentic_art
Au_art_30551.jpg,./data\Dataset\Au\Au_art_30551.jpg,0,authentic_art
Au_art_30565.jpg,./data\Dataset\Au\Au_art_30565.jpg,0,authentic_art
Au_art_30574.jpg,./data\Dataset\Au\Au_art_30574.jpg,0,authentic_art
Au_art_30592.jpg,./data\Dataset\Au\Au_art_30592.jpg,0,authentic_art
Au_art_30625.jpg,./data\Dataset\Au\Au_art_30625.jpg,0,authentic_art
Au_art_30648.jpg,./data\Dataset\Au\Au_art_30648.jpg,0,authentic_art
Au_cha_00003.jpg,./data\Dataset\Au\Au_cha_00003.jpg,0,authentic_cha
Au_cha_00004.jpg,./data\Dataset\Au\Au_cha_00004.jpg,0,authentic_cha
Au_cha_00006.jpg,./data\Dataset\Au\Au_cha_00006.jpg,0,authentic_cha
Au_cha_00007.jpg,./data\Dataset\Au\Au_cha_00007.jpg,0,authentic_cha
Au_cha_00008.jpg,./data\Dataset\Au\Au_cha_00008.jpg,0,authentic_cha
Au_cha_00009.jpg,./data\Dataset\Au\Au_cha_00009.jpg,0,authentic_cha
Au_cha_00015.jpg,./data\Dataset\Au\Au_cha_00015.jpg,0,authentic_cha
Au_cha_00016.jpg,./data\Dataset\Au\Au_cha_00016.jpg,0,authentic_cha
Au_cha_00017.jpg,./data\Dataset\Au\Au_cha_00017.jpg,0,authentic_cha
Au_cha_00020.jpg,./data\Dataset\Au\Au_cha_00020.jpg,0,authentic_cha
Au_cha_00023.jpg,./data\Dataset\Au\Au_cha_00023.jpg,0,authentic_cha
Au_cha_00024.jpg,./data\Dataset\Au\Au_cha_00024.jpg,0,authentic_cha
Au_cha_00025.jpg,./data\Dataset\Au\Au_cha_00025.jpg,0,authentic_cha
Au_cha_00026.jpg,./data\Dataset\Au\Au_cha_00026.jpg,0,authentic_cha
Au_cha_00027.jpg,./data\Dataset\Au\Au_cha_00027.jpg,0,authentic_cha
Au_cha_00029.jpg,./data\Dataset\Au\Au_cha_00029.jpg,0,authentic_cha
Au_cha_00030.jpg,./data\Dataset\Au\Au_cha_00030.jpg,0,authentic_cha
Au_cha_00031.jpg,./data\Dataset\Au\Au_cha_00031.jpg,0,authentic_cha
Au_cha_00038.jpg,./data\Dataset\Au\Au_cha_00038.jpg,0,authentic_cha
Au_cha_00040.jpg,./data\Dataset\Au\Au_cha_00040.jpg,0,authentic_cha
Au_cha_00041.jpg,./data\Dataset\Au\Au_cha_00041.jpg,0,authentic_cha
Au_cha_00042.jpg,./data\Dataset\Au\Au_cha_00042.jpg,0,authentic_cha
Au_cha_00047.jpg,./data\Dataset\Au\Au_cha_00047.jpg,0,authentic_cha
Au_cha_00052.jpg,./data\Dataset\Au\Au_cha_00052.jpg,0,authentic_cha
Au_cha_00053.jpg,./data\Dataset\Au\Au_cha_00053.jpg,0,authentic_cha
Au_cha_00057.jpg,./data\Dataset\Au\Au_cha_00057.jpg,0,authentic_cha
Au_cha_00058.jpg,./data\Dataset\Au\Au_cha_00058.jpg,0,authentic_cha
Au_cha_00059.jpg,./data\Dataset\Au\Au_cha_00059.jpg,0,authentic_cha
Au_cha_00060.jpg,./data\Dataset\Au\Au_cha_00060.jpg,0,authentic_cha
Au_cha_00063.jpg,./data\Dataset\Au\Au_cha_00063.jpg,0,authentic_cha
Au_cha_00064.jpg,./data\Dataset\Au\Au_cha_00064.jpg,0,authentic_cha
Au_cha_00065.jpg,./data\Dataset\Au\Au_cha_00065.jpg,0,authentic_cha
Au_cha_00067.jpg,./data\Dataset\Au\Au_cha_00067.jpg,0,authentic_cha
Au_cha_00068.jpg,./data\Dataset\Au\Au_cha_00068.jpg,0,authentic_cha
Au_cha_00070.jpg,./data\Dataset\Au\Au_cha_00070.jpg,0,authentic_cha
Au_cha_00071.jpg,./data\Dataset\Au\Au_cha_00071.jpg,0,authentic_cha
Au_cha_00072.jpg,./data\Dataset\Au\Au_cha_00072.jpg,0,authentic_cha
Au_cha_00073.jpg,./data\Dataset\Au\Au_cha_00073.jpg,0,authentic_cha
Au_cha_00074.jpg,./data\Dataset\Au\Au_cha_00074.jpg,0,authentic_cha
Au_cha_00075.jpg,./data\Dataset\Au\Au_cha_00075.jpg,0,authentic_cha
Au_cha_00077.jpg,./data\Dataset\Au\Au_cha_00077.jpg,0,authentic_cha
Au_cha_00080.jpg,./data\Dataset\Au\Au_cha_00080.jpg,0,authentic_cha
Au_cha_00082.jpg,./data\Dataset\Au\Au_cha_00082.jpg,0,authentic_cha
Au_cha_00085.jpg,./data\Dataset\Au\Au_cha_00085.jpg,0,authentic_cha
Au_cha_00086.jpg,./data\Dataset\Au\Au_cha_00086.jpg,0,authentic_cha
Au_cha_00088.jpg,./data\Dataset\Au\Au_cha_00088.jpg,0,authentic_cha
Au_cha_00089.jpg,./data\Dataset\Au\Au_cha_00089.jpg,0,authentic_cha
Au_cha_00090.jpg,./data\Dataset\Au\Au_cha_00090.jpg,0,authentic_cha
Au_cha_00091.jpg,./data\Dataset\Au\Au_cha_00091.jpg,0,authentic_cha
Au_cha_00092.jpg,./data\Dataset\Au\Au_cha_00092.jpg,0,authentic_cha
Au_cha_00093.jpg,./data\Dataset\Au\Au_cha_00093.jpg,0,authentic_cha
Au_cha_00095.jpg,./data\Dataset\Au\Au_cha_00095.jpg,0,authentic_cha
Au_cha_00096.jpg,./data\Dataset\Au\Au_cha_00096.jpg,0,authentic_cha
Au_cha_00097.jpg,./data\Dataset\Au\Au_cha_00097.jpg,0,authentic_cha
Au_cha_00098.jpg,./data\Dataset\Au\Au_cha_00098.jpg,0,authentic_cha
Au_cha_00099.jpg,./data\Dataset\Au\Au_cha_00099.jpg,0,authentic_cha
Au_cha_00100.jpg,./data\Dataset\Au\Au_cha_00100.jpg,0,authentic_cha
Au_cha_0045.jpg,./data\Dataset\Au\Au_cha_0045.jpg,0,authentic_cha
Au_cha_0047.JPG,./data\Dataset\Au\Au_cha_0047.JPG,0,authentic_cha
Au_cha_0048.JPG,./data\Dataset\Au\Au_cha_0048.JPG,0,authentic_cha
Au_cha_0049.JPG,./data\Dataset\Au\Au_cha_0049.JPG,0,authentic_cha
Au_cha_0050.JPG,./data\Dataset\Au\Au_cha_0050.JPG,0,authentic_cha
Au_cha_0051.JPG,./data\Dataset\Au\Au_cha_0051.JPG,0,authentic_cha
Au_cha_10001.jpg,./data\Dataset\Au\Au_cha_10001.jpg,0,authentic_cha
Au_cha_10103.jpg,./data\Dataset\Au\Au_cha_10103.jpg,0,authentic_cha
Au_cha_10114.jpg,./data\Dataset\Au\Au_cha_10114.jpg,0,authentic_cha
Au_cha_10136.jpg,./data\Dataset\Au\Au_cha_10136.jpg,0,authentic_cha
Au_cha_10173.jpg,./data\Dataset\Au\Au_cha_10173.jpg,0,authentic_cha
Au_cha_10174.jpg,./data\Dataset\Au\Au_cha_10174.jpg,0,authentic_cha
Au_cha_10176.jpg,./data\Dataset\Au\Au_cha_10176.jpg,0,authentic_cha
Au_cha_20024.jpg,./data\Dataset\Au\Au_cha_20024.jpg,0,authentic_cha
Au_cha_20034.jpg,./data\Dataset\Au\Au_cha_20034.jpg,0,authentic_cha
Au_cha_30015.jpg,./data\Dataset\Au\Au_cha_30015.jpg,0,authentic_cha
Au_cha_30017.jpg,./data\Dataset\Au\Au_cha_30017.jpg,0,authentic_cha
Au_cha_30022.jpg,./data\Dataset\Au\Au_cha_30022.jpg,0,authentic_cha
Au_cha_30026.jpg,./data\Dataset\Au\Au_cha_30026.jpg,0,authentic_cha
Au_cha_30032.jpg,./data\Dataset\Au\Au_cha_30032.jpg,0,authentic_cha
Au_cha_30078.jpg,./data\Dataset\Au\Au_cha_30078.jpg,0,authentic_cha
Au_cha_30090.jpg,./data\Dataset\Au\Au_cha_30090.jpg,0,authentic_cha
Au_cha_30096.jpg,./data\Dataset\Au\Au_cha_30096.jpg,0,authentic_cha
Au_cha_30105.jpg,./data\Dataset\Au\Au_cha_30105.jpg,0,authentic_cha
Au_cha_30112.jpg,./data\Dataset\Au\Au_cha_30112.jpg,0,authentic_cha
Au_cha_30129.jpg,./data\Dataset\Au\Au_cha_30129.jpg,0,authentic_cha
Au_cha_30130.jpg,./data\Dataset\Au\Au_cha_30130.jpg,0,authentic_cha
Au_cha_30147.jpg,./data\Dataset\Au\Au_cha_30147.jpg,0,authentic_cha
Au_cha_30157.jpg,./data\Dataset\Au\Au_cha_30157.jpg,0,authentic_cha
Au_cha_30185.jpg,./data\Dataset\Au\Au_cha_30185.jpg,0,authentic_cha
Au_cha_30192.jpg,./data\Dataset\Au\Au_cha_30192.jpg,0,authentic_cha
Au_cha_30198.jpg,./data\Dataset\Au\Au_cha_30198.jpg,0,authentic_cha
Au_cha_30212.jpg,./data\Dataset\Au\Au_cha_30212.jpg,0,authentic_cha
Au_cha_30221.jpg,./data\Dataset\Au\Au_cha_30221.jpg,0,authentic_cha
Au_cha_30225.jpg,./data\Dataset\Au\Au_cha_30225.jpg,0,authentic_cha
Au_cha_30227.jpg,./data\Dataset\Au\Au_cha_30227.jpg,0,authentic_cha
Au_cha_30229.jpg,./data\Dataset\Au\Au_cha_30229.jpg,0,authentic_cha
Au_cha_30244.jpg,./data\Dataset\Au\Au_cha_30244.jpg,0,authentic_cha
Au_cha_30275.jpg,./data\Dataset\Au\Au_cha_30275.jpg,0,authentic_cha
Au_cha_30280.jpg,./data\Dataset\Au\Au_cha_30280.jpg,0,authentic_cha
Au_cha_30307.jpg,./data\Dataset\Au\Au_cha_30307.jpg,0,authentic_cha
Au_cha_30311.jpg,./data\Dataset\Au\Au_cha_30311.jpg,0,authentic_cha
Au_cha_30317.jpg,./data\Dataset\Au\Au_cha_30317.jpg,0,authentic_cha
Au_cha_30325.jpg,./data\Dataset\Au\Au_cha_30325.jpg,0,authentic_cha
Au_cha_30345.jpg,./data\Dataset\Au\Au_cha_30345.jpg,0,authentic_cha
Au_cha_30351.jpg,./data\Dataset\Au\Au_cha_30351.jpg,0,authentic_cha
Au_cha_30365.jpg,./data\Dataset\Au\Au_cha_30365.jpg,0,authentic_cha
Au_cha_30371.jpg,./data\Dataset\Au\Au_cha_30371.jpg,0,authentic_cha
Au_cha_30391.jpg,./data\Dataset\Au\Au_cha_30391.jpg,0,authentic_cha
Au_cha_30412.jpg,./data\Dataset\Au\Au_cha_30412.jpg,0,authentic_cha
Au_cha_30532.jpg,./data\Dataset\Au\Au_cha_30532.jpg,0,authentic_cha
Au_cha_30534.jpg,./data\Dataset\Au\Au_cha_30534.jpg,0,authentic_cha
Au_cha_30542.jpg,./data\Dataset\Au\Au_cha_30542.jpg,0,authentic_cha
Au_cha_30586.jpg,./data\Dataset\Au\Au_cha_30586.jpg,0,authentic_cha
Au_cha_30602.jpg,./data\Dataset\Au\Au_cha_30602.jpg,0,authentic_cha
Au_cha_30607.jpg,./data\Dataset\Au\Au_cha_30607.jpg,0,authentic_cha
Au_cha_30620.jpg,./data\Dataset\Au\Au_cha_30620.jpg,0,authentic_cha
Au_cha_30630.jpg,./data\Dataset\Au\Au_cha_30630.jpg,0,authentic_cha
Au_cha_30632.jpg,./data\Dataset\Au\Au_cha_30632.jpg,0,authentic_cha
Au_cha_30656.jpg,./data\Dataset\Au\Au_cha_30656.jpg,0,authentic_cha
Au_cha_30659.jpg,./data\Dataset\Au\Au_cha_30659.jpg,0,authentic_cha
Au_cha_30675.jpg,./data\Dataset\Au\Au_cha_30675.jpg,0,authentic_cha
Au_cha_30692.jpg,./data\Dataset\Au\Au_cha_30692.jpg,0,authentic_cha
Au_cha_30694.jpg,./data\Dataset\Au\Au_cha_30694.jpg,0,authentic_cha
Au_cha_30696.jpg,./data\Dataset\Au\Au_cha_30696.jpg,0,authentic_cha
Au_cha_30706.jpg,./data\Dataset\Au\Au_cha_30706.jpg,0,authentic_cha
Au_cha_30710.jpg,./data\Dataset\Au\Au_cha_30710.jpg,0,authentic_cha
Au_ind_00040.jpg,./data\Dataset\Au\Au_ind_00040.jpg,0,authentic_ind
Au_ind_00083.jpg,./data\Dataset\Au\Au_ind_00083.jpg,0,authentic_ind
Au_ind_20008.jpg,./data\Dataset\Au\Au_ind_20008.jpg,0,authentic_ind
Au_ind_20014.jpg,./data\Dataset\Au\Au_ind_20014.jpg,0,authentic_ind
Au_ind_20024.jpg,./data\Dataset\Au\Au_ind_20024.jpg,0,authentic_ind
Au_ind_20049.jpg,./data\Dataset\Au\Au_ind_20049.jpg,0,authentic_ind
Au_ind_20050.jpg,./data\Dataset\Au\Au_ind_20050.jpg,0,authentic_ind
Au_nat_00002.jpg,./data\Dataset\Au\Au_nat_00002.jpg,0,authentic_nat
Au_nat_00011.jpg,./data\Dataset\Au\Au_nat_00011.jpg,0,authentic_nat
Au_nat_00012.jpg,./data\Dataset\Au\Au_nat_00012.jpg,0,authentic_nat
Au_nat_00013.jpg,./data\Dataset\Au\Au_nat_00013.jpg,0,authentic_nat
Au_nat_00018.jpg,./data\Dataset\Au\Au_nat_00018.jpg,0,authentic_nat
Au_nat_00023.jpg,./data\Dataset\Au\Au_nat_00023.jpg,0,authentic_nat
Au_nat_00027.jpg,./data\Dataset\Au\Au_nat_00027.jpg,0,authentic_nat
Au_nat_00028.jpg,./data\Dataset\Au\Au_nat_00028.jpg,0,authentic_nat
Au_nat_00033.jpg,./data\Dataset\Au\Au_nat_00033.jpg,0,authentic_nat
Au_nat_00036.jpg,./data\Dataset\Au\Au_nat_00036.jpg,0,authentic_nat
Au_nat_00038.jpg,./data\Dataset\Au\Au_nat_00038.jpg,0,authentic_nat
Au_nat_00042.jpg,./data\Dataset\Au\Au_nat_00042.jpg,0,authentic_nat
Au_nat_00046.jpg,./data\Dataset\Au\Au_nat_00046.jpg,0,authentic_nat
Au_nat_00047.jpg,./data\Dataset\Au\Au_nat_00047.jpg,0,authentic_nat
Au_nat_00049.jpg,./data\Dataset\Au\Au_nat_00049.jpg,0,authentic_nat
Au_nat_00058.jpg,./data\Dataset\Au\Au_nat_00058.jpg,0,authentic_nat
Au_nat_00059.jpg,./data\Dataset\Au\Au_nat_00059.jpg,0,authentic_nat
Au_nat_00061.jpg,./data\Dataset\Au\Au_nat_00061.jpg,0,authentic_nat
Au_nat_00063.jpg,./data\Dataset\Au\Au_nat_00063.jpg,0,authentic_nat
Au_nat_00067.jpg,./data\Dataset\Au\Au_nat_00067.jpg,0,authentic_nat
Au_nat_00080.jpg,./data\Dataset\Au\Au_nat_00080.jpg,0,authentic_nat
Au_nat_00082.jpg,./data\Dataset\Au\Au_nat_00082.jpg,0,authentic_nat
Au_nat_00083.jpg,./data\Dataset\Au\Au_nat_00083.jpg,0,authentic_nat
Au_nat_00085.jpg,./data\Dataset\Au\Au_nat_00085.jpg,0,authentic_nat
Au_nat_00090.jpg,./data\Dataset\Au\Au_nat_00090.jpg,0,authentic_nat
Au_nat_00092.jpg,./data\Dataset\Au\Au_nat_00092.jpg,0,authentic_nat
Au_nat_00093.jpg,./data\Dataset\Au\Au_nat_00093.jpg,0,authentic_nat
Au_nat_00097.jpg,./data\Dataset\Au\Au_nat_00097.jpg,0,authentic_nat
Au_nat_00099.jpg,./data\Dataset\Au\Au_nat_00099.jpg,0,authentic_nat
Au_nat_0078.jpg,./data\Dataset\Au\Au_nat_0078.jpg,0,authentic_nat
Au_nat_20008.jpg,./data\Dataset\Au\Au_nat_20008.jpg,0,authentic_nat
Au_nat_20012.jpg,./data\Dataset\Au\Au_nat_20012.jpg,0,authentic_nat
Au_nat_20051.jpg,./data\Dataset\Au\Au_nat_20051.jpg,0,authentic_nat
Au_nat_30079.jpg,./data\Dataset\Au\Au_nat_30079.jpg,0,authentic_nat
Au_nat_30127.jpg,./data\Dataset\Au\Au_nat_30127.jpg,0,authentic_nat
Au_nat_30155.jpg,./data\Dataset\Au\Au_nat_30155.jpg,0,authentic_nat
Au_nat_30165.jpg,./data\Dataset\Au\Au_nat_30165.jpg,0,authentic_nat
Au_nat_30173.jpg,./data\Dataset\Au\Au_nat_30173.jpg,0,authentic_nat
Au_nat_30221.jpg,./data\Dataset\Au\Au_nat_30221.jpg,0,authentic_nat
Au_nat_30223.jpg,./data\Dataset\Au\Au_nat_30223.jpg,0,authentic_nat
Au_nat_30262.jpg,./data\Dataset\Au\Au_nat_30262.jpg,0,authentic_nat
Au_nat_30320.jpg,./data\Dataset\Au\Au_nat_30320.jpg,0,authentic_nat
Au_nat_30395.jpg,./data\Dataset\Au\Au_nat_30395.jpg,0,authentic_nat
Au_nat_30402.jpg,./data\Dataset\Au\Au_nat_30402.jpg,0,authentic_nat
Au_nat_30456.jpg,./data\Dataset\Au\Au_nat_30456.jpg,0,authentic_nat
Au_nat_30465.jpg,./data\Dataset\Au\Au_nat_30465.jpg,0,authentic_nat
Au_nat_30519.jpg,./data\Dataset\Au\Au_nat_30519.jpg,0,authentic_nat
Au_nat_30659.jpg,./data\Dataset\Au\Au_nat_30659.jpg,0,authentic_nat
Au_nat_30687.jpg,./data\Dataset\Au\Au_nat_30687.jpg,0,authentic_nat
Au_nat_30693.jpg,./data\Dataset\Au\Au_nat_30693.jpg,0,authentic_nat
Au_nat_30698.jpg,./data\Dataset\Au\Au_nat_30698.jpg,0,authentic_nat
Au_nat_30716.jpg,./data\Dataset\Au\Au_nat_30716.jpg,0,authentic_nat
Au_pla_00002.jpg,./data\Dataset\Au\Au_pla_00002.jpg,0,authentic_pla
Au_pla_00004.jpg,./data\Dataset\Au\Au_pla_00004.jpg,0,authentic_pla
Au_pla_00017.jpg,./data\Dataset\Au\Au_pla_00017.jpg,0,authentic_pla
Au_pla_00020.jpg,./data\Dataset\Au\Au_pla_00020.jpg,0,authentic_pla
Au_pla_00021.jpg,./data\Dataset\Au\Au_pla_00021.jpg,0,authentic_pla
Au_pla_00031.jpg,./data\Dataset\Au\Au_pla_00031.jpg,0,authentic_pla
Au_pla_00034.jpg,./data\Dataset\Au\Au_pla_00034.jpg,0,authentic_pla
Au_pla_00037.jpg,./data\Dataset\Au\Au_pla_00037.jpg,0,authentic_pla
Au_pla_00038.jpg,./data\Dataset\Au\Au_pla_00038.jpg,0,authentic_pla
Au_pla_00039.jpg,./data\Dataset\Au\Au_pla_00039.jpg,0,authentic_pla
Au_pla_00040.jpg,./data\Dataset\Au\Au_pla_00040.jpg,0,authentic_pla
Au_pla_00041.jpg,./data\Dataset\Au\Au_pla_00041.jpg,0,authentic_pla
Au_pla_00049.jpg,./data\Dataset\Au\Au_pla_00049.jpg,0,authentic_pla
Au_pla_00058.jpg,./data\Dataset\Au\Au_pla_00058.jpg,0,authentic_pla
Au_pla_00064.jpg,./data\Dataset\Au\Au_pla_00064.jpg,0,authentic_pla
Au_pla_00069.jpg,./data\Dataset\Au\Au_pla_00069.jpg,0,authentic_pla
Au_pla_00073.jpg,./data\Dataset\Au\Au_pla_00073.jpg,0,authentic_pla
Au_pla_00074.jpg,./data\Dataset\Au\Au_pla_00074.jpg,0,authentic_pla
Au_pla_00077.jpg,./data\Dataset\Au\Au_pla_00077.jpg,0,authentic_pla
Au_pla_00080.jpg,./data\Dataset\Au\Au_pla_00080.jpg,0,authentic_pla
Au_pla_00082.jpg,./data\Dataset\Au\Au_pla_00082.jpg,0,authentic_pla
Au_pla_00084.jpg,./data\Dataset\Au\Au_pla_00084.jpg,0,authentic_pla
Au_pla_00085.jpg,./data\Dataset\Au\Au_pla_00085.jpg,0,authentic_pla
Au_pla_00088.jpg,./data\Dataset\Au\Au_pla_00088.jpg,0,authentic_pla
Au_pla_00089.jpg,./data\Dataset\Au\Au_pla_00089.jpg,0,authentic_pla
Au_pla_00090.jpg,./data\Dataset\Au\Au_pla_00090.jpg,0,authentic_pla
Au_pla_00094.jpg,./data\Dataset\Au\Au_pla_00094.jpg,0,authentic_pla
Au_pla_00095.jpg,./data\Dataset\Au\Au_pla_00095.jpg,0,authentic_pla
Au_pla_00099.jpg,./data\Dataset\Au\Au_pla_00099.jpg,0,authentic_pla
Au_pla_00100.jpg,./data\Dataset\Au\Au_pla_00100.jpg,0,authentic_pla
Au_pla_0086.jpg,./data\Dataset\Au\Au_pla_0086.jpg,0,authentic_pla
Au_pla_20057.jpg,./data\Dataset\Au\Au_pla_20057.jpg,0,authentic_pla
Au_pla_20083.jpg,./data\Dataset\Au\Au_pla_20083.jpg,0,authentic_pla
Au_pla_20084.jpg,./data\Dataset\Au\Au_pla_20084.jpg,0,authentic_pla
Au_pla_20099.jpg,./data\Dataset\Au\Au_pla_20099.jpg,0,authentic_pla
Au_pla_30063.jpg,./data\Dataset\Au\Au_pla_30063.jpg,0,authentic_pla
Au_pla_30096.jpg,./data\Dataset\Au\Au_pla_30096.jpg,0,authentic_pla
Au_pla_30183.jpg,./data\Dataset\Au\Au_pla_30183.jpg,0,authentic_pla
Au_pla_30221.jpg,./data\Dataset\Au\Au_pla_30221.jpg,0,authentic_pla
Au_pla_30228.jpg,./data\Dataset\Au\Au_pla_30228.jpg,0,authentic_pla
Au_pla_30233.jpg,./data\Dataset\Au\Au_pla_30233.jpg,0,authentic_pla
Au_pla_30234.jpg,./data\Dataset\Au\Au_pla_30234.jpg,0,authentic_pla
Au_pla_30268.jpg,./data\Dataset\Au\Au_pla_30268.jpg,0,authentic_pla
Au_pla_30285.jpg,./data\Dataset\Au\Au_pla_30285.jpg,0,authentic_pla
Au_pla_30313.jpg,./data\Dataset\Au\Au_pla_30313.jpg,0,authentic_pla
Au_pla_30522.jpg,./data\Dataset\Au\Au_pla_30522.jpg,0,authentic_pla
Au_pla_30524.jpg,./data\Dataset\Au\Au_pla_30524.jpg,0,authentic_pla
Au_pla_30525.jpg,./data\Dataset\Au\Au_pla_30525.jpg,0,authentic_pla
Au_pla_30532.jpg,./data\Dataset\Au\Au_pla_30532.jpg,0,authentic_pla
Au_pla_30622.jpg,./data\Dataset\Au\Au_pla_30622.jpg,0,authentic_pla
Au_pla_30725.jpg,./data\Dataset\Au\Au_pla_30725.jpg,0,authentic_pla
Au_sec_00002.jpg,./data\Dataset\Au\Au_sec_00002.jpg,0,authentic_sec
Au_sec_00003.jpg,./data\Dataset\Au\Au_sec_00003.jpg,0,authentic_sec
Au_sec_00006.jpg,./data\Dataset\Au\Au_sec_00006.jpg,0,authentic_sec
Au_sec_00009.jpg,./data\Dataset\Au\Au_sec_00009.jpg,0,authentic_sec
Au_sec_00010.jpg,./data\Dataset\Au\Au_sec_00010.jpg,0,authentic_sec
Au_sec_00021.jpg,./data\Dataset\Au\Au_sec_00021.jpg,0,authentic_sec
Au_sec_00022.jpg,./data\Dataset\Au\Au_sec_00022.jpg,0,authentic_sec
Au_sec_00023.jpg,./data\Dataset\Au\Au_sec_00023.jpg,0,authentic_sec
Au_sec_00024.jpg,./data\Dataset\Au\Au_sec_00024.jpg,0,authentic_sec
Au_sec_00027.jpg,./data\Dataset\Au\Au_sec_00027.jpg,0,authentic_sec
Au_sec_00030.jpg,./data\Dataset\Au\Au_sec_00030.jpg,0,authentic_sec
Au_sec_00031.jpg,./data\Dataset\Au\Au_sec_00031.jpg,0,authentic_sec
Au_sec_00032.jpg,./data\Dataset\Au\Au_sec_00032.jpg,0,authentic_sec
Au_sec_00035.jpg,./data\Dataset\Au\Au_sec_00035.jpg,0,authentic_sec
Au_sec_00038.jpg,./data\Dataset\Au\Au_sec_00038.jpg,0,authentic_sec
Au_sec_00039.jpg,./data\Dataset\Au\Au_sec_00039.jpg,0,authentic_sec
Au_sec_00041.jpg,./data\Dataset\Au\Au_sec_00041.jpg,0,authentic_sec
Au_sec_00043.jpg,./data\Dataset\Au\Au_sec_00043.jpg,0,authentic_sec
Au_sec_00049.jpg,./data\Dataset\Au\Au_sec_00049.jpg,0,authentic_sec
Au_sec_00052.jpg,./data\Dataset\Au\Au_sec_00052.jpg,0,authentic_sec
Au_sec_00056.jpg,./data\Dataset\Au\Au_sec_00056.jpg,0,authentic_sec
Au_sec_00060.jpg,./data\Dataset\Au\Au_sec_00060.jpg,0,authentic_sec
Au_sec_00063.jpg,./data\Dataset\Au\Au_sec_00063.jpg,0,authentic_sec
Au_sec_00066.jpg,./data\Dataset\Au\Au_sec_00066.jpg,0,authentic_sec
Au_sec_00068.jpg,./data\Dataset\Au\Au_sec_00068.jpg,0,authentic_sec
Au_sec_00069.jpg,./data\Dataset\Au\Au_sec_00069.jpg,0,authentic_sec
Au_sec_00070.jpg,./data\Dataset\Au\Au_sec_00070.jpg,0,authentic_sec
Au_sec_00071.jpg,./data\Dataset\Au\Au_sec_00071.jpg,0,authentic_sec
Au_sec_00072.jpg,./data\Dataset\Au\Au_sec_00072.jpg,0,authentic_sec
Au_sec_00073.jpg,./data\Dataset\Au\Au_sec_00073.jpg,0,authentic_sec
Au_sec_00074.JPG,./data\Dataset\Au\Au_sec_00074.JPG,0,authentic_sec
Au_sec_00075.jpg,./data\Dataset\Au\Au_sec_00075.jpg,0,authentic_sec
Au_sec_00076.jpg,./data\Dataset\Au\Au_sec_00076.jpg,0,authentic_sec
Au_sec_00077.jpg,./data\Dataset\Au\Au_sec_00077.jpg,0,authentic_sec
Au_sec_00078.jpg,./data\Dataset\Au\Au_sec_00078.jpg,0,authentic_sec
Au_sec_00080.jpg,./data\Dataset\Au\Au_sec_00080.jpg,0,authentic_sec
Au_sec_00081.jpg,./data\Dataset\Au\Au_sec_00081.jpg,0,authentic_sec
Au_sec_00082.jpg,./data\Dataset\Au\Au_sec_00082.jpg,0,authentic_sec
Au_sec_00083.jpg,./data\Dataset\Au\Au_sec_00083.jpg,0,authentic_sec
Au_sec_00084.jpg,./data\Dataset\Au\Au_sec_00084.jpg,0,authentic_sec
Au_sec_00085.jpg,./data\Dataset\Au\Au_sec_00085.jpg,0,authentic_sec
Au_sec_00086.jpg,./data\Dataset\Au\Au_sec_00086.jpg,0,authentic_sec
Au_sec_00087.jpg,./data\Dataset\Au\Au_sec_00087.jpg,0,authentic_sec
Au_sec_00088.jpg,./data\Dataset\Au\Au_sec_00088.jpg,0,authentic_sec
Au_sec_00089.jpg,./data\Dataset\Au\Au_sec_00089.jpg,0,authentic_sec
Au_sec_00090.jpg,./data\Dataset\Au\Au_sec_00090.jpg,0,authentic_sec
Au_sec_00091.jpg,./data\Dataset\Au\Au_sec_00091.jpg,0,authentic_sec
Au_sec_00095.jpg,./data\Dataset\Au\Au_sec_00095.jpg,0,authentic_sec
Au_sec_00098.jpg,./data\Dataset\Au\Au_sec_00098.jpg,0,authentic_sec
Au_sec_0058.jpg,./data\Dataset\Au\Au_sec_0058.jpg,0,authentic_sec
Au_sec_0059.jpg,./data\Dataset\Au\Au_sec_0059.jpg,0,authentic_sec
Au_sec_0061.jpg,./data\Dataset\Au\Au_sec_0061.jpg,0,authentic_sec
Au_sec_0063.jpg,./data\Dataset\Au\Au_sec_0063.jpg,0,authentic_sec
Au_sec_20059.jpg,./data\Dataset\Au\Au_sec_20059.jpg,0,authentic_sec
Au_sec_30017.jpg,./data\Dataset\Au\Au_sec_30017.jpg,0,authentic_sec
Au_sec_30018.jpg,./data\Dataset\Au\Au_sec_30018.jpg,0,authentic_sec
Au_sec_30069.jpg,./data\Dataset\Au\Au_sec_30069.jpg,0,authentic_sec
Au_sec_30070.jpg,./data\Dataset\Au\Au_sec_30070.jpg,0,authentic_sec
Au_sec_30132.jpg,./data\Dataset\Au\Au_sec_30132.jpg,0,authentic_sec
Au_sec_30154.jpg,./data\Dataset\Au\Au_sec_30154.jpg,0,authentic_sec
Au_sec_30174.jpg,./data\Dataset\Au\Au_sec_30174.jpg,0,authentic_sec
Au_sec_30177.jpg,./data\Dataset\Au\Au_sec_30177.jpg,0,authentic_sec
Au_sec_30197.jpg,./data\Dataset\Au\Au_sec_30197.jpg,0,authentic_sec
Au_sec_30202.jpg,./data\Dataset\Au\Au_sec_30202.jpg,0,authentic_sec
Au_sec_30285.jpg,./data\Dataset\Au\Au_sec_30285.jpg,0,authentic_sec
Au_sec_30330.jpg,./data\Dataset\Au\Au_sec_30330.jpg,0,authentic_sec
Au_sec_30346.jpg,./data\Dataset\Au\Au_sec_30346.jpg,0,authentic_sec
Au_sec_30381.jpg,./data\Dataset\Au\Au_sec_30381.jpg,0,authentic_sec
Au_sec_30462.jpg,./data\Dataset\Au\Au_sec_30462.jpg,0,authentic_sec
Au_sec_30506.jpg,./data\Dataset\Au\Au_sec_30506.jpg,0,authentic_sec
Au_sec_30555.jpg,./data\Dataset\Au\Au_sec_30555.jpg,0,authentic_sec
Au_sec_30610.jpg,./data\Dataset\Au\Au_sec_30610.jpg,0,authentic_sec
Au_sec_30628.jpg,./data\Dataset\Au\Au_sec_30628.jpg,0,authentic_sec
Au_sec_30687.jpg,./data\Dataset\Au\Au_sec_30687.jpg,0,authentic_sec
Au_txt_00001.jpg,./data\Dataset\Au\Au_txt_00001.jpg,0,authentic_txt
Au_txt_00002.jpg,./data\Dataset\Au\Au_txt_00002.jpg,0,authentic_txt
Au_txt_00005.jpg,./data\Dataset\Au\Au_txt_00005.jpg,0,authentic_txt
Au_txt_00008.jpg,./data\Dataset\Au\Au_txt_00008.jpg,0,authentic_txt
Au_txt_00013.jpg,./data\Dataset\Au\Au_txt_00013.jpg,0,authentic_txt
Au_txt_00018.jpg,./data\Dataset\Au\Au_txt_00018.jpg,0,authentic_txt
Au_txt_00021.jpg,./data\Dataset\Au\Au_txt_00021.jpg,0,authentic_txt
Au_txt_00026.jpg,./data\Dataset\Au\Au_txt_00026.jpg,0,authentic_txt
Au_txt_00029.jpg,./data\Dataset\Au\Au_txt_00029.jpg,0,authentic_txt
Au_txt_00030.jpg,./data\Dataset\Au\Au_txt_00030.jpg,0,authentic_txt
Au_txt_00031.jpg,./data\Dataset\Au\Au_txt_00031.jpg,0,authentic_txt
Au_txt_00036.jpg,./data\Dataset\Au\Au_txt_00036.jpg,0,authentic_txt
Au_txt_00038.jpg,./data\Dataset\Au\Au_txt_00038.jpg,0,authentic_txt
Au_txt_00045.jpg,./data\Dataset\Au\Au_txt_00045.jpg,0,authentic_txt
Au_txt_00048.jpg,./data\Dataset\Au\Au_txt_00048.jpg,0,authentic_txt
Au_txt_00049.jpg,./data\Dataset\Au\Au_txt_00049.jpg,0,authentic_txt
Au_txt_00053.jpg,./data\Dataset\Au\Au_txt_00053.jpg,0,authentic_txt
Au_txt_00057.jpg,./data\Dataset\Au\Au_txt_00057.jpg,0,authentic_txt
Au_txt_00059.jpg,./data\Dataset\Au\Au_txt_00059.jpg,0,authentic_txt
Au_txt_00060.jpg,./data\Dataset\Au\Au_txt_00060.jpg,0,authentic_txt
Au_txt_00063.jpg,./data\Dataset\Au\Au_txt_00063.jpg,0,authentic_txt
Au_txt_00065.jpg,./data\Dataset\Au\Au_txt_00065.jpg,0,authentic_txt
Au_txt_00066.jpg,./data\Dataset\Au\Au_txt_00066.jpg,0,authentic_txt
Au_txt_00068.jpg,./data\Dataset\Au\Au_txt_00068.jpg,0,authentic_txt
Au_txt_00069.jpg,./data\Dataset\Au\Au_txt_00069.jpg,0,authentic_txt
Au_txt_00074.jpg,./data\Dataset\Au\Au_txt_00074.jpg,0,authentic_txt
Au_txt_00076.jpg,./data\Dataset\Au\Au_txt_00076.jpg,0,authentic_txt
Au_txt_00092.jpg,./data\Dataset\Au\Au_txt_00092.jpg,0,authentic_txt
Au_txt_00094.jpg,./data\Dataset\Au\Au_txt_00094.jpg,0,authentic_txt
Au_txt_00098.jpg,./data\Dataset\Au\Au_txt_00098.jpg,0,authentic_txt
Au_txt_10114.jpg,./data\Dataset\Au\Au_txt_10114.jpg,0,authentic_txt
Au_txt_30005.jpg,./data\Dataset\Au\Au_txt_30005.jpg,0,authentic_txt
Au_nat_10153.bmp,./data\Dataset\Au\Au_nat_10153.bmp,0,authentic_nat
Sp_D_ cha_00011_cha_00010_pla_0002_162.jpg,./data\Dataset\Sp\Sp_D_ cha_00011_cha_00010_pla_0002_162.jpg,1,multiple_spliced
Sp_D_ cha_00024_nat_00023_art_00037_236.jpg,./data\Dataset\Sp\Sp_D_ cha_00024_nat_00023_art_00037_236.jpg,1,multiple_spliced
Sp_D_ani_00010_cha_00065_nat_00093_146.jpg,./data\Dataset\Sp\Sp_D_ani_00010_cha_00065_nat_00093_146.jpg,1,multiple_spliced
Sp_D_ani_00018_ani_00011_ani_00057_ani_00055_7.jpg,./data\Dataset\Sp\Sp_D_ani_00018_ani_00011_ani_00057_ani_00055_7.jpg,1,multiple_spliced
Sp_D_ani_00018_ani_00019_ani_00074_pla_00082_231.jpg,./data\Dataset\Sp\Sp_D_ani_00018_ani_00019_ani_00074_pla_00082_231.jpg,1,multiple_spliced
Sp_D_ani_0001_ani_0001_ani_0001_ani_0010_ani0010_ani_0010_ani_0076_107.jpg,./data\Dataset\Sp\Sp_D_ani_0001_ani_0001_ani_0001_ani_0010_ani0010_ani_0010_ani_0076_107.jpg,1,multiple_spliced
Sp_D_ani_0001_art_0014_sec_0077_292.jpg,./data\Dataset\Sp\Sp_D_ani_0001_art_0014_sec_0077_292.jpg,1,multiple_spliced
Sp_D_ani_0001_cha_00063_sec_00081_202.jpg,./data\Dataset\Sp\Sp_D_ani_0001_cha_00063_sec_00081_202.jpg,1,multiple_spliced
Sp_D_ani_00021_ani_00039_ani_00032_104.jpg,./data\Dataset\Sp\Sp_D_ani_00021_ani_00039_ani_00032_104.jpg,1,multiple_spliced
Sp_D_ani_00023_ani_00023_ani_00025_ani_00048_ani_00082_106.jpg,./data\Dataset\Sp\Sp_D_ani_00023_ani_00023_ani_00025_ani_00048_ani_00082_106.jpg,1,multiple_spliced
Sp_D_ani_00027_ani_00035_ani_00038_ani_00068_79.jpg,./data\Dataset\Sp\Sp_D_ani_00027_ani_00035_ani_00038_ani_00068_79.jpg,1,multiple_spliced
Sp_D_ani_00027_ani_00067_ani_00052_117.jpg,./data\Dataset\Sp\Sp_D_ani_00027_ani_00067_ani_00052_117.jpg,1,multiple_spliced
Sp_D_ani_00031_ani_00039_sec_00095_181.jpg,./data\Dataset\Sp\Sp_D_ani_00031_ani_00039_sec_00095_181.jpg,1,multiple_spliced
Sp_D_ani_00031_cha_00086_nat_00080_226.jpg,./data\Dataset\Sp\Sp_D_ani_00031_cha_00086_nat_00080_226.jpg,1,multiple_spliced
Sp_D_ani_00037_ani_00001_ani_00003_ani_00002_78.jpg,./data\Dataset\Sp\Sp_D_ani_00037_ani_00001_ani_00003_ani_00002_78.jpg,1,multiple_spliced
Sp_D_ani_00039_cha_00040_arc_00039_211.jpg,./data\Dataset\Sp\Sp_D_ani_00039_cha_00040_arc_00039_211.jpg,1,multiple_spliced
Sp_D_ani_00039_cha_00077_sec_00024_188.jpg,./data\Dataset\Sp\Sp_D_ani_00039_cha_00077_sec_00024_188.jpg,1,multiple_spliced
Sp_D_ani_0003_ani_00044_sec_00091_216.jpg,./data\Dataset\Sp\Sp_D_ani_0003_ani_00044_sec_00091_216.jpg,1,multiple_spliced
Sp_D_ani_0003_cha_00038_sec_00075_210.jpg,./data\Dataset\Sp\Sp_D_ani_0003_cha_00038_sec_00075_210.jpg,1,multiple_spliced
Sp_D_ani_00043_ani_00032__ani_00040_ani_00013_8.jpg,./data\Dataset\Sp\Sp_D_ani_00043_ani_00032__ani_00040_ani_00013_8.jpg,1,multiple_spliced
Sp_D_ani_00044_cha_00040_arc_00050_176.jpg,./data\Dataset\Sp\Sp_D_ani_00044_cha_00040_arc_00050_176.jpg,1,multiple_spliced
Sp_D_ani_00044_cha_00088_nat_00059_222.jpg,./data\Dataset\Sp\Sp_D_ani_00044_cha_00088_nat_00059_222.jpg,1,multiple_spliced
Sp_D_ani_00044_cha_00099_txt_00036_193.jpg,./data\Dataset\Sp\Sp_D_ani_00044_cha_00099_txt_00036_193.jpg,1,multiple_spliced
Sp_D_ani_00048_cha_00051_sec_00086_199.jpg,./data\Dataset\Sp\Sp_D_ani_00048_cha_00051_sec_00086_199.jpg,1,multiple_spliced
Sp_D_ani_00061_sec_00059_arc_00100_173.jpg,./data\Dataset\Sp\Sp_D_ani_00061_sec_00059_arc_00100_173.jpg,1,multiple_spliced
Sp_D_ani_00063_ani_00025_ani_00023_101.jpg,./data\Dataset\Sp\Sp_D_ani_00063_ani_00025_ani_00023_101.jpg,1,multiple_spliced
Sp_D_ani_00064_ani_00058_art_00033_214.jpg,./data\Dataset\Sp\Sp_D_ani_00064_ani_00058_art_00033_214.jpg,1,multiple_spliced
Sp_D_ani_00064_sec_00052_nat_00080_175.jpg,./data\Dataset\Sp\Sp_D_ani_00064_sec_00052_nat_00080_175.jpg,1,multiple_spliced
Sp_D_ani_00076_ani_00010_ani_00017_ani_0002_1.jpg,./data\Dataset\Sp\Sp_D_ani_00076_ani_00010_ani_00017_ani_0002_1.jpg,1,multiple_spliced
Sp_D_ani_00076_ani_00077_ani_00078_130.jpg,./data\Dataset\Sp\Sp_D_ani_00076_ani_00077_ani_00078_130.jpg,1,multiple_spliced
Sp_D_ani_00077_ani_00076_pla_00084_165.jpg,./data\Dataset\Sp\Sp_D_ani_00077_ani_00076_pla_00084_165.jpg,1,multiple_spliced
Sp_D_ani_00079_ani_00038_ani_0001_105.jpg,./data\Dataset\Sp\Sp_D_ani_00079_ani_00038_ani_0001_105.jpg,1,multiple_spliced
Sp_D_ani_00079_ani_00044_nat_00028_174.jpg,./data\Dataset\Sp\Sp_D_ani_00079_ani_00044_nat_00028_174.jpg,1,multiple_spliced
Sp_D_ani_00079_cha_00040_arc_00082_172.jpg,./data\Dataset\Sp\Sp_D_ani_00079_cha_00040_arc_00082_172.jpg,1,multiple_spliced
Sp_D_ani_00079_cha_00053_sec_00068_227.jpg,./data\Dataset\Sp\Sp_D_ani_00079_cha_00053_sec_00068_227.jpg,1,multiple_spliced
Sp_D_ani_00082_cha_00049_nat_00028_198.jpg,./data\Dataset\Sp\Sp_D_ani_00082_cha_00049_nat_00028_198.jpg,1,multiple_spliced
Sp_D_ani_00082_cha_00073_sec_00085_196.jpg,./data\Dataset\Sp\Sp_D_ani_00082_cha_00073_sec_00085_196.jpg,1,multiple_spliced
Sp_D_ani_00082_cha_00086_pla_00037_213.jpg,./data\Dataset\Sp\Sp_D_ani_00082_cha_00086_pla_00037_213.jpg,1,multiple_spliced
Sp_D_ani_00084_ani_00023_ani_00025_ani_0005_2.jpg,./data\Dataset\Sp\Sp_D_ani_00084_ani_00023_ani_00025_ani_0005_2.jpg,1,multiple_spliced
Sp_D_ani_00085_art_30460_cha_30192_ani_00004_41.jpg,./data\Dataset\Sp\Sp_D_ani_00085_art_30460_cha_30192_ani_00004_41.jpg,1,multiple_spliced
Sp_D_ani_00087_ani_00088_ani_00078_103.jpg,./data\Dataset\Sp\Sp_D_ani_00087_ani_00088_ani_00078_103.jpg,1,multiple_spliced
Sp_D_ani_00090_cha_00098_ani_00097_ani_00097_149.jpg,./data\Dataset\Sp\Sp_D_ani_00090_cha_00098_ani_00097_ani_00097_149.jpg,1,multiple_spliced
Sp_D_ani_00097_ani_00039_ani_00040_ani_00041_3.jpg,./data\Dataset\Sp\Sp_D_ani_00097_ani_00039_ani_00040_ani_00041_3.jpg,1,multiple_spliced
Sp_D_ani_00100_ani_00096_ani_00097_134.jpg,./data\Dataset\Sp\Sp_D_ani_00100_ani_00096_ani_00097_134.jpg,1,multiple_spliced
Sp_D_ani_0018_ani_0051_ani_0050_262.jpg,./data\Dataset\Sp\Sp_D_ani_0018_ani_0051_ani_0050_262.jpg,1,multiple_spliced
Sp_D_ani_0032_ani_00033_ani_00039_ani_00010_32.jpg,./data\Dataset\Sp\Sp_D_ani_0032_ani_00033_ani_00039_ani_00010_32.jpg,1,multiple_spliced
Sp_D_ani_0045_ani_0030_ani_0011_259.jpg,./data\Dataset\Sp\Sp_D_ani_0045_ani_0030_ani_0011_259.jpg,1,multiple_spliced
Sp_D_ani_0054_ani_0055_ani_0050_295.jpg,./data\Dataset\Sp\Sp_D_ani_0054_ani_0055_ani_0050_295.jpg,1,multiple_spliced
Sp_D_ani_0063_ani_0062_ani_0065_263.jpg,./data\Dataset\Sp\Sp_D_ani_0063_ani_0062_ani_0065_263.jpg,1,multiple_spliced
Sp_D_ani_0083_cha_0045_txt_0076_288.jpg,./data\Dataset\Sp\Sp_D_ani_0083_cha_0045_txt_0076_288.jpg,1,multiple_spliced
Sp_D_ani_0086_ani_0070_pla_0080_277.jpg,./data\Dataset\Sp\Sp_D_ani_0086_ani_0070_pla_0080_277.jpg,1,multiple_spliced
Sp_D_ani_0096_ani_0061_txt_0049_293.jpg,./data\Dataset\Sp\Sp_D_ani_0096_ani_0061_txt_0049_293.jpg,1,multiple_spliced
Sp_D_ani_10104_ani_10105_ani_10111_ani_10115_18.jpg,./data\Dataset\Sp\Sp_D_ani_10104_ani_10105_ani_10111_ani_10115_18.jpg,1,multiple_spliced
Sp_D_ani_10146_ani_30582_ani_30220_ani_00031_22.jpg,./data\Dataset\Sp\Sp_D_ani_10146_ani_30582_ani_30220_ani_00031_22.jpg,1,multiple_spliced
Sp_D_ani_10157_ani_30579_ani30738_ani20005_23.jpg,./data\Dataset\Sp\Sp_D_ani_10157_ani_30579_ani30738_ani20005_23.jpg,1,multiple_spliced
Sp_D_ani_10159_ani_00047__ani_00048_ani_00046_19.jpg,./data\Dataset\Sp\Sp_D_ani_10159_ani_00047__ani_00048_ani_00046_19.jpg,1,multiple_spliced
Sp_D_ani_10171_ani_00025_ani_00026_ani_00095_9.jpg,./data\Dataset\Sp\Sp_D_ani_10171_ani_00025_ani_00026_ani_00095_9.jpg,1,multiple_spliced
Sp_D_ani_10214_ani_10001_txt_30005_art_00039_85.jpg,./data\Dataset\Sp\Sp_D_ani_10214_ani_10001_txt_30005_art_00039_85.jpg,1,multiple_spliced
Sp_D_ani_10215_ani_00081_ani_00087_ani_00088_17.jpg,./data\Dataset\Sp\Sp_D_ani_10215_ani_00081_ani_00087_ani_00088_17.jpg,1,multiple_spliced
Sp_D_ani_20003_ani_00087_ani_10143_ani_00025_24.jpg,./data\Dataset\Sp\Sp_D_ani_20003_ani_00087_ani_10143_ani_00025_24.jpg,1,multiple_spliced
Sp_D_ani_20045_ani_30358_ani_30314_ani_10174_10.jpg,./data\Dataset\Sp\Sp_D_ani_20045_ani_30358_ani_30314_ani_10174_10.jpg,1,multiple_spliced
Sp_D_ani_30020_ani_10104_ani_30018_ani_30116_11.jpg,./data\Dataset\Sp\Sp_D_ani_30020_ani_10104_ani_30018_ani_30116_11.jpg,1,multiple_spliced
Sp_D_ani_30114_ani_00017_ani_00058_ani_10174_12.jpg,./data\Dataset\Sp\Sp_D_ani_30114_ani_00017_ani_00058_ani_10174_12.jpg,1,multiple_spliced
Sp_D_ani_30266_ani_30251_ani_00032_ani_30279_20.jpg,./data\Dataset\Sp\Sp_D_ani_30266_ani_30251_ani_00032_ani_30279_20.jpg,1,multiple_spliced
Sp_D_ani_30428_ani_30464_ani_30392_ani_30426_25.jpg,./data\Dataset\Sp\Sp_D_ani_30428_ani_30464_ani_30392_ani_30426_25.jpg,1,multiple_spliced
Sp_D_ani_30459_ani_30402_ani_30413_ani_30405_26.jpg,./data\Dataset\Sp\Sp_D_ani_30459_ani_30402_ani_30413_ani_30405_26.jpg,1,multiple_spliced
Sp_D_ani_30465_ani_30411_ani_30449_ani_30454_13.jpg,./data\Dataset\Sp\Sp_D_ani_30465_ani_30411_ani_30449_ani_30454_13.jpg,1,multiple_spliced
Sp_D_ani_30466_ani_30383_ani_30396_ani_30412_27.jpg,./data\Dataset\Sp\Sp_D_ani_30466_ani_30383_ani_30396_ani_30412_27.jpg,1,multiple_spliced
Sp_D_ani_30471_ani_30434_ani_30409_ani_30454_28.jpg,./data\Dataset\Sp\Sp_D_ani_30471_ani_30434_ani_30409_ani_30454_28.jpg,1,multiple_spliced
Sp_D_ani_30473_ani_30454_ani_30467_ani_30462_21.jpg,./data\Dataset\Sp\Sp_D_ani_30473_ani_30454_ani_30467_ani_30462_21.jpg,1,multiple_spliced
Sp_D_ani_30485_ani_30115_ani_30197_ani_20068_29.jpg,./data\Dataset\Sp\Sp_D_ani_30485_ani_30115_ani_30197_ani_20068_29.jpg,1,multiple_spliced
Sp_D_ani_30559_ani_30129_ani_20015_ani_00088_30.jpg,./data\Dataset\Sp\Sp_D_ani_30559_ani_30129_ani_20015_ani_00088_30.jpg,1,multiple_spliced
Sp_D_ani_30559_arc_00085_ani_00081_ani_00081_153.jpg,./data\Dataset\Sp\Sp_D_ani_30559_arc_00085_ani_00081_ani_00081_153.jpg,1,multiple_spliced
Sp_D_ani_30695_ani_30184_ani_30187_ani_00001_6.jpg,./data\Dataset\Sp\Sp_D_ani_30695_ani_30184_ani_30187_ani_00001_6.jpg,1,multiple_spliced
Sp_D_arc_00003_art_00028_art_00090_161.jpg,./data\Dataset\Sp\Sp_D_arc_00003_art_00028_art_00090_161.jpg,1,multiple_spliced
Sp_D_arc_00023_arc_00013_arc_00027_ani_30092_31.jpg,./data\Dataset\Sp\Sp_D_arc_00023_arc_00013_arc_00027_ani_30092_31.jpg,1,multiple_spliced
Sp_D_arc_00024_arc_00025_cha_00045_235.jpg,./data\Dataset\Sp\Sp_D_arc_00024_arc_00025_cha_00045_235.jpg,1,multiple_spliced
Sp_D_arc_00030_nat_00054_ani_00074_129.jpg,./data\Dataset\Sp\Sp_D_arc_00030_nat_00054_ani_00074_129.jpg,1,multiple_spliced
Sp_D_arc_00054_art_30033_ani_30086_ani_30048_36.jpg,./data\Dataset\Sp\Sp_D_arc_00054_art_30033_ani_30086_ani_30048_36.jpg,1,multiple_spliced
Sp_D_arc_00058_cha_00064_pla_00041_123.jpg,./data\Dataset\Sp\Sp_D_arc_00058_cha_00064_pla_00041_123.jpg,1,multiple_spliced
Sp_D_arc_00081_sec_30070_art_30538_ani_10216_54.jpg,./data\Dataset\Sp\Sp_D_arc_00081_sec_30070_art_30538_ani_10216_54.jpg,1,multiple_spliced
Sp_D_arc_00082_art_00029_pla_00049_pla_00082_157.jpg,./data\Dataset\Sp\Sp_D_arc_00082_art_00029_pla_00049_pla_00082_157.jpg,1,multiple_spliced
Sp_D_arc_00086_art_00096_art_00099_251.jpg,./data\Dataset\Sp\Sp_D_arc_00086_art_00096_art_00099_251.jpg,1,multiple_spliced
Sp_D_arc_00088_ani_00010_ani_00033_ani_00017_4.jpg,./data\Dataset\Sp\Sp_D_arc_00088_ani_00010_ani_00033_ani_00017_4.jpg,1,multiple_spliced
Sp_D_arc_00090_art_00044_art_00097_137.jpg,./data\Dataset\Sp\Sp_D_arc_00090_art_00044_art_00097_137.jpg,1,multiple_spliced
Sp_D_arc_0054_arc_0006_ani_0078_ani_0010_267.jpg,./data\Dataset\Sp\Sp_D_arc_0054_arc_0006_ani_0078_ani_0010_267.jpg,1,multiple_spliced
Sp_D_arc_0054_art_0001_ani_0007_sec_0032_264.jpg,./data\Dataset\Sp\Sp_D_arc_0054_art_0001_ani_0007_sec_0032_264.jpg,1,multiple_spliced
Sp_D_arc_0054_sec_0027_ani_0005_258.jpg,./data\Dataset\Sp\Sp_D_arc_0054_sec_0027_ani_0005_258.jpg,1,multiple_spliced
Sp_D_arc_0069_cha_0077_ani_0083_ani_0063_102.jpg,./data\Dataset\Sp\Sp_D_arc_0069_cha_0077_ani_0083_ani_0063_102.jpg,1,multiple_spliced
Sp_D_arc_0073_arc_0071_cha_0095_296.jpg,./data\Dataset\Sp\Sp_D_arc_0073_arc_0071_cha_0095_296.jpg,1,multiple_spliced
Sp_D_arc_10118_cha_30696_cha_30391_cha_30706_35.jpg,./data\Dataset\Sp\Sp_D_arc_10118_cha_30696_cha_30391_cha_30706_35.jpg,1,multiple_spliced
Sp_D_arc_20008_ani_00031_ani_00025_255.jpg,./data\Dataset\Sp\Sp_D_arc_20008_ani_00031_ani_00025_255.jpg,1,multiple_spliced
Sp_D_arc_20072_arc_30373_ani_30560_ani_30560_art_20005_100.jpg,./data\Dataset\Sp\Sp_D_arc_20072_arc_30373_ani_30560_ani_30560_art_20005_100.jpg,1,multiple_spliced
Sp_D_arc_30021_ani_20048_ani_20065_ani_00017_33.jpg,./data\Dataset\Sp\Sp_D_arc_30021_ani_20048_ani_20065_ani_00017_33.jpg,1,multiple_spliced
Sp_D_arc_30037_ani_10220_cha_00029_arc_30018_86.jpg,./data\Dataset\Sp\Sp_D_arc_30037_ani_10220_cha_00029_arc_30018_86.jpg,1,multiple_spliced
Sp_D_arc_30160_arc_30269_ani_10222_sec_30016_70.jpg,./data\Dataset\Sp\Sp_D_arc_30160_arc_30269_ani_10222_sec_30016_70.jpg,1,multiple_spliced
Sp_D_arc_30242_ pla_30313_ani_30706_cha_30710_47.jpg,./data\Dataset\Sp\Sp_D_arc_30242_ pla_30313_ani_30706_cha_30710_47.jpg,1,multiple_spliced
Sp_D_art_00010_ani_00001_sec_00078_217.jpg,./data\Dataset\Sp\Sp_D_art_00010_ani_00001_sec_00078_217.jpg,1,multiple_spliced
Sp_D_art_00010_ani_00003_sec_00089_212.jpg,./data\Dataset\Sp\Sp_D_art_00010_ani_00003_sec_00089_212.jpg,1,multiple_spliced
Sp_D_art_00010_ani_00058_sec_00090_192.jpg,./data\Dataset\Sp\Sp_D_art_00010_ani_00058_sec_00090_192.jpg,1,multiple_spliced
Sp_D_art_00010_ani_00083_art_00033_184.jpg,./data\Dataset\Sp\Sp_D_art_00010_ani_00083_art_00033_184.jpg,1,multiple_spliced
Sp_D_art_00010_cha_00042_sec_00070_204.jpg,./data\Dataset\Sp\Sp_D_art_00010_cha_00042_sec_00070_204.jpg,1,multiple_spliced
Sp_D_art_00014_cha_00086_txt_00036_185.jpg,./data\Dataset\Sp\Sp_D_art_00014_cha_00086_txt_00036_185.jpg,1,multiple_spliced
Sp_D_art_00024_art_00093_cha_00075_237.jpg,./data\Dataset\Sp\Sp_D_art_00024_art_00093_cha_00075_237.jpg,1,multiple_spliced
Sp_D_art_00027_ani_00011_art_00035_135.jpg,./data\Dataset\Sp\Sp_D_art_00027_ani_00011_art_00035_135.jpg,1,multiple_spliced
Sp_D_art_00032_cha_00003_cha_00006_116.jpg,./data\Dataset\Sp\Sp_D_art_00032_cha_00003_cha_00006_116.jpg,1,multiple_spliced
Sp_D_art_00045_cha_00100_cha_00030_132.jpg,./data\Dataset\Sp\Sp_D_art_00045_cha_00100_cha_00030_132.jpg,1,multiple_spliced
Sp_D_art_00046_cha_00026_art_00008_158.jpg,./data\Dataset\Sp\Sp_D_art_00046_cha_00026_art_00008_158.jpg,1,multiple_spliced
Sp_D_art_00051_nat_00012_sec_00056_138.jpg,./data\Dataset\Sp\Sp_D_art_00051_nat_00012_sec_00056_138.jpg,1,multiple_spliced
Sp_D_art_00058_ani_00058_cha_00027_144.jpg,./data\Dataset\Sp\Sp_D_art_00058_ani_00058_cha_00027_144.jpg,1,multiple_spliced
Sp_D_art_00065_art_00064_art_30565_art_30340_80.jpg,./data\Dataset\Sp\Sp_D_art_00065_art_00064_art_30565_art_30340_80.jpg,1,multiple_spliced
Sp_D_art_00076_art_10017__art_10017_ind_20014_98.jpg,./data\Dataset\Sp\Sp_D_art_00076_art_10017__art_10017_ind_20014_98.jpg,1,multiple_spliced
Sp_D_art_00079_cha_10114_ani_30795_ani_10136_99.jpg,./data\Dataset\Sp\Sp_D_art_00079_cha_10114_ani_30795_ani_10136_99.jpg,1,multiple_spliced
Sp_D_art_00098_sec_00077_art_00068_149.jpg,./data\Dataset\Sp\Sp_D_art_00098_sec_00077_art_00068_149.jpg,1,multiple_spliced
Sp_D_art_00100_cha_00027_art_00029_150.jpg,./data\Dataset\Sp\Sp_D_art_00100_cha_00027_art_00029_150.jpg,1,multiple_spliced
Sp_D_art_0010_cha_0045_sec_0075_294.jpg,./data\Dataset\Sp\Sp_D_art_0010_cha_0045_sec_0075_294.jpg,1,multiple_spliced
Sp_D_art_0018_art_0019_art_0082_279.jpg,./data\Dataset\Sp\Sp_D_art_0018_art_0019_art_0082_279.jpg,1,multiple_spliced
Sp_D_art_0040_art_0065_art_0086_257.jpg,./data\Dataset\Sp\Sp_D_art_0040_art_0065_art_0086_257.jpg,1,multiple_spliced
Sp_D_art_0080_art_0073_art_0090_260.jpg,./data\Dataset\Sp\Sp_D_art_0080_art_0073_art_0090_260.jpg,1,multiple_spliced
Sp_D_art_30077_ ani_10174_sec_30330_sec_30285_43.jpg,./data\Dataset\Sp\Sp_D_art_30077_ ani_10174_sec_30330_sec_30285_43.jpg,1,multiple_spliced
Sp_D_art_30250_art_00006_art_10017_art_10018_87.jpg,./data\Dataset\Sp\Sp_D_art_30250_art_00006_art_10017_art_10018_87.jpg,1,multiple_spliced
Sp_D_art_30299_ art_30574_ cha_30244_sec_30069_44.jpg,./data\Dataset\Sp\Sp_D_art_30299_ art_30574_ cha_30244_sec_30069_44.jpg,1,multiple_spliced
Sp_D_art_30307_art_10013_art_10012_art_10018_69.jpg,./data\Dataset\Sp\Sp_D_art_30307_art_10013_art_10012_art_10018_69.jpg,1,multiple_spliced
Sp_D_cha_00004_cha_00047_nat_00033_209.jpg,./data\Dataset\Sp\Sp_D_cha_00004_cha_00047_nat_00033_209.jpg,1,multiple_spliced
Sp_D_cha_00004_cha_00052_sec_00069_224.jpg,./data\Dataset\Sp\Sp_D_cha_00004_cha_00052_sec_00069_224.jpg,1,multiple_spliced
Sp_D_cha_00006_ani_00003_nat_00042_179.jpg,./data\Dataset\Sp\Sp_D_cha_00006_ani_00003_nat_00042_179.jpg,1,multiple_spliced
Sp_D_cha_00008_art_00014_cha_00017_156.jpg,./data\Dataset\Sp\Sp_D_cha_00008_art_00014_cha_00017_156.jpg,1,multiple_spliced
Sp_D_cha_00008_cha_00007_cha_00003_155.jpg,./data\Dataset\Sp\Sp_D_cha_00008_cha_00007_cha_00003_155.jpg,1,multiple_spliced
Sp_D_cha_00015_cha_00016_nat_00013_182.jpg,./data\Dataset\Sp\Sp_D_cha_00015_cha_00016_nat_00013_182.jpg,1,multiple_spliced
Sp_D_cha_00023_cha_00031_pla_00021_126.jpg,./data\Dataset\Sp\Sp_D_cha_00023_cha_00031_pla_00021_126.jpg,1,multiple_spliced
Sp_D_cha_00038_cha_00040_art_00058_171.jpg,./data\Dataset\Sp\Sp_D_cha_00038_cha_00040_art_00058_171.jpg,1,multiple_spliced
Sp_D_cha_00038_cha_00088_sec_00024_177.jpg,./data\Dataset\Sp\Sp_D_cha_00038_cha_00088_sec_00024_177.jpg,1,multiple_spliced
Sp_D_cha_00042_cha_00041_cha_00044_128.jpg,./data\Dataset\Sp\Sp_D_cha_00042_cha_00041_cha_00044_128.jpg,1,multiple_spliced
Sp_D_cha_00042_nat_00078_ani_00008_170.jpg,./data\Dataset\Sp\Sp_D_cha_00042_nat_00078_ani_00008_170.jpg,1,multiple_spliced
Sp_D_cha_00045_ani_00096_txt_00076_182.jpg,./data\Dataset\Sp\Sp_D_cha_00045_ani_00096_txt_00076_182.jpg,1,multiple_spliced
Sp_D_cha_00047_ani_00064_txt_00060_207.jpg,./data\Dataset\Sp\Sp_D_cha_00047_ani_00064_txt_00060_207.jpg,1,multiple_spliced
Sp_D_cha_00049_ani_00058_sec_00068_200.jpg,./data\Dataset\Sp\Sp_D_cha_00049_ani_00058_sec_00068_200.jpg,1,multiple_spliced
Sp_D_cha_00049_cha_00048_cha_00050_142.jpg,./data\Dataset\Sp\Sp_D_cha_00049_cha_00048_cha_00050_142.jpg,1,multiple_spliced
Sp_D_cha_00051_cha_00038_txt_00049_218.jpg,./data\Dataset\Sp\Sp_D_cha_00051_cha_00038_txt_00049_218.jpg,1,multiple_spliced
Sp_D_cha_00051_cha_00052_pla_00094_187.jpg,./data\Dataset\Sp\Sp_D_cha_00051_cha_00052_pla_00094_187.jpg,1,multiple_spliced
Sp_D_cha_00053_ani_00031_sec_00087_195.jpg,./data\Dataset\Sp\Sp_D_cha_00053_ani_00031_sec_00087_195.jpg,1,multiple_spliced
Sp_D_cha_00053_ani_00044_txt_00076_219.jpg,./data\Dataset\Sp\Sp_D_cha_00053_ani_00044_txt_00076_219.jpg,1,multiple_spliced
Sp_D_cha_00053_cha_00071_nat_00058_223.jpg,./data\Dataset\Sp\Sp_D_cha_00053_cha_00071_nat_00058_223.jpg,1,multiple_spliced
Sp_D_cha_00057_ani_00039_ani_00039_ani_00032_ani_00032_95.jpg,./data\Dataset\Sp\Sp_D_cha_00057_ani_00039_ani_00039_ani_00032_ani_00032_95.jpg,1,multiple_spliced
Sp_D_cha_00057_cha_00059_pla_00074_252.jpg,./data\Dataset\Sp\Sp_D_cha_00057_cha_00059_pla_00074_252.jpg,1,multiple_spliced
Sp_D_cha_00058_ani_00082_pla_00031_151.jpg,./data\Dataset\Sp\Sp_D_cha_00058_ani_00082_pla_00031_151.jpg,1,multiple_spliced
Sp_D_cha_00059_cha_00067_arc_00050_225.jpg,./data\Dataset\Sp\Sp_D_cha_00059_cha_00067_arc_00050_225.jpg,1,multiple_spliced
Sp_D_cha_00062_sec_00030_cha_00074_133.jpg,./data\Dataset\Sp\Sp_D_cha_00062_sec_00030_cha_00074_133.jpg,1,multiple_spliced
Sp_D_cha_00063_art_00009_sec_00021_124.jpg,./data\Dataset\Sp\Sp_D_cha_00063_art_00009_sec_00021_124.jpg,1,multiple_spliced
Sp_D_cha_00063_cha_00099_nat_00027_189.jpg,./data\Dataset\Sp\Sp_D_cha_00063_cha_00099_nat_00027_189.jpg,1,multiple_spliced
Sp_D_cha_00064_cha_00042_arc_00082_205.jpg,./data\Dataset\Sp\Sp_D_cha_00064_cha_00042_arc_00082_205.jpg,1,multiple_spliced
Sp_D_cha_00065_sec_00022_sec_00084_201.jpg,./data\Dataset\Sp\Sp_D_cha_00065_sec_00022_sec_00084_201.jpg,1,multiple_spliced
Sp_D_cha_00067_art_00091_arc_00024_112.jpg,./data\Dataset\Sp\Sp_D_cha_00067_art_00091_arc_00024_112.jpg,1,multiple_spliced
Sp_D_cha_00068_cha_00091_sec_00083_220.jpg,./data\Dataset\Sp\Sp_D_cha_00068_cha_00091_sec_00083_220.jpg,1,multiple_spliced
Sp_D_cha_00070_cha_00060_pla_00017_221.jpg,./data\Dataset\Sp\Sp_D_cha_00070_cha_00060_pla_00017_221.jpg,1,multiple_spliced
Sp_D_cha_00070_cha_30307_cha_30311_cha_30325_55.jpg,./data\Dataset\Sp\Sp_D_cha_00070_cha_30307_cha_30311_cha_30325_55.jpg,1,multiple_spliced
Sp_D_cha_00072_sec_00032_nat_00047_206.jpg,./data\Dataset\Sp\Sp_D_cha_00072_sec_00032_nat_00047_206.jpg,1,multiple_spliced
Sp_D_cha_00074_pla_00049_nat_00042_194.jpg,./data\Dataset\Sp\Sp_D_cha_00074_pla_00049_nat_00042_194.jpg,1,multiple_spliced
Sp_D_cha_00080_cha_00082_art_00089_141.jpg,./data\Dataset\Sp\Sp_D_cha_00080_cha_00082_art_00089_141.jpg,1,multiple_spliced
Sp_D_cha_00085_cha_00086_ani_00065_cha_00088_5.jpg,./data\Dataset\Sp\Sp_D_cha_00085_cha_00086_ani_00065_cha_00088_5.jpg,1,multiple_spliced
Sp_D_cha_00086_ani_00044_cha_00052_183.jpg,./data\Dataset\Sp\Sp_D_cha_00086_ani_00044_cha_00052_183.jpg,1,multiple_spliced
Sp_D_cha_00086_cha_00004_art_00058_203.jpg,./data\Dataset\Sp\Sp_D_cha_00086_cha_00004_art_00058_203.jpg,1,multiple_spliced
Sp_D_cha_00088_ani_00017_pla_00031_pla_00031_145.jpg,./data\Dataset\Sp\Sp_D_cha_00088_ani_00017_pla_00031_pla_00031_145.jpg,1,multiple_spliced
Sp_D_cha_00089_sec_00009_sec_00006_215.jpg,./data\Dataset\Sp\Sp_D_cha_00089_sec_00009_sec_00006_215.jpg,1,multiple_spliced
Sp_D_cha_00090_cha_00089_sec_00072_191.jpg,./data\Dataset\Sp\Sp_D_cha_00090_cha_00089_sec_00072_191.jpg,1,multiple_spliced
Sp_D_cha_00091_ani_00031_txt_00008_186.jpg,./data\Dataset\Sp\Sp_D_cha_00091_ani_00031_txt_00008_186.jpg,1,multiple_spliced
Sp_D_cha_00096_ani_00007_sec_00038_122.jpg,./data\Dataset\Sp\Sp_D_cha_00096_ani_00007_sec_00038_122.jpg,1,multiple_spliced
Sp_D_cha_00098_cha_00047_sec_00073_197.jpg,./data\Dataset\Sp\Sp_D_cha_00098_cha_00047_sec_00073_197.jpg,1,multiple_spliced
Sp_D_cha_00099_ani_00031_sec_00077_209.jpg,./data\Dataset\Sp\Sp_D_cha_00099_ani_00031_sec_00077_209.jpg,1,multiple_spliced
Sp_D_cha_00099_cha_00049_nat_00038_208.jpg,./data\Dataset\Sp\Sp_D_cha_00099_cha_00049_nat_00038_208.jpg,1,multiple_spliced
Sp_D_cha_0009_cha_0007_pla_0080_278.jpg,./data\Dataset\Sp\Sp_D_cha_0009_cha_0007_pla_0080_278.jpg,1,multiple_spliced
Sp_D_cha_0015_cha_0038_sec_0078_289.jpg,./data\Dataset\Sp\Sp_D_cha_0015_cha_0038_sec_0078_289.jpg,1,multiple_spliced
Sp_D_cha_0038_cha_0016_sec_0006_285.jpg,./data\Dataset\Sp\Sp_D_cha_0038_cha_0016_sec_0006_285.jpg,1,multiple_spliced
Sp_D_cha_0051_ani_0003_art_0033_290.jpg,./data\Dataset\Sp\Sp_D_cha_0051_ani_0003_art_0033_290.jpg,1,multiple_spliced
Sp_D_cha_0068_sec_0041_sec_0002_298.jpg,./data\Dataset\Sp\Sp_D_cha_0068_sec_0041_sec_0002_298.jpg,1,multiple_spliced
Sp_D_cha_0086_sec_0009_txt_0036_287.jpg,./data\Dataset\Sp\Sp_D_cha_0086_sec_0009_txt_0036_287.jpg,1,multiple_spliced
Sp_D_cha_0088_ani_0071_pla_0038_273.jpg,./data\Dataset\Sp\Sp_D_cha_0088_ani_0071_pla_0038_273.jpg,1,multiple_spliced
Sp_D_cha_0089_ani_0031_txt_0076_286.jpg,./data\Dataset\Sp\Sp_D_cha_0089_ani_0031_txt_0076_286.jpg,1,multiple_spliced
Sp_D_cha_0092_cha_0088_pla_0074_281.jpg,./data\Dataset\Sp\Sp_D_cha_0092_cha_0088_pla_0074_281.jpg,1,multiple_spliced
Sp_D_cha_0099_art_0010_nat_0013_291.jpg,./data\Dataset\Sp\Sp_D_cha_0099_art_0010_nat_0013_291.jpg,1,multiple_spliced
Sp_D_cha_10173_cha_10001_ani_30545_cha_00075_96.jpg,./data\Dataset\Sp\Sp_D_cha_10173_cha_10001_ani_30545_cha_00075_96.jpg,1,multiple_spliced
Sp_D_cha_20034_ ani_00079_cha_30192_art_30460_42.jpg,./data\Dataset\Sp\Sp_D_cha_20034_ ani_00079_cha_30192_art_30460_42.jpg,1,multiple_spliced
Sp_D_cha_30078_ani_00093_cha_30692_cha_30623_56.jpg,./data\Dataset\Sp\Sp_D_cha_30078_ani_00093_cha_30692_cha_30623_56.jpg,1,multiple_spliced
Sp_D_cha_30147_art_30519_cha_30365_81.jpg,./data\Dataset\Sp\Sp_D_cha_30147_art_30519_cha_30365_81.jpg,1,multiple_spliced
Sp_D_cha_30185_ani_30795_cha_30017_pla_30622_52.jpg,./data\Dataset\Sp\Sp_D_cha_30185_ani_30795_cha_30017_pla_30622_52.jpg,1,multiple_spliced
Sp_D_cha_30659_cha_30632_cha_10136_cha_30032_53.jpg,./data\Dataset\Sp\Sp_D_cha_30659_cha_30632_cha_10136_cha_30032_53.jpg,1,multiple_spliced
Sp_D_ind20050_ani_30764_cha_30221_ani_30795_51.jpg,./data\Dataset\Sp\Sp_D_ind20050_ani_30764_cha_30221_ani_30795_51.jpg,1,multiple_spliced
Sp_D_ind_00040_art_00068_art_00068_art_30307_ind_20024_97.jpg,./data\Dataset\Sp\Sp_D_ind_00040_art_00068_art_00068_art_30307_ind_20024_97.jpg,1,multiple_spliced
Sp_D_ind_00083_arc_30400_cha_10103_89.jpg,./data\Dataset\Sp\Sp_D_ind_00083_arc_30400_cha_10103_89.jpg,1,multiple_spliced
Sp_D_ind_20008_art_10008_art_30315_art_00064_90.jpg,./data\Dataset\Sp\Sp_D_ind_20008_art_10008_art_30315_art_00064_90.jpg,1,multiple_spliced
Sp_D_ind_20049_ani_00061_cha_30351_cha_00031_68.jpg,./data\Dataset\Sp\Sp_D_ind_20049_ani_00061_cha_30351_cha_00031_68.jpg,1,multiple_spliced
Sp_D_nat_00001_ani_00010_ani_00010_150.jpg,./data\Dataset\Sp\Sp_D_nat_00001_ani_00010_ani_00010_150.jpg,1,multiple_spliced
Sp_D_nat_00011_ani_00089_ani_00047_ani_00017_139.jpg,./data\Dataset\Sp\Sp_D_nat_00011_ani_00089_ani_00047_ani_00017_139.jpg,1,multiple_spliced
Sp_D_nat_00027_cha_00038_ani_00064_160.jpg,./data\Dataset\Sp\Sp_D_nat_00027_cha_00038_ani_00064_160.jpg,1,multiple_spliced
Sp_D_nat_0002_cha_0097_arc_0060_297.jpg,./data\Dataset\Sp\Sp_D_nat_0002_cha_0097_arc_0060_297.jpg,1,multiple_spliced
Sp_D_nat_00036_art_00025_ani_00009_cha_00090_119.jpg,./data\Dataset\Sp\Sp_D_nat_00036_art_00025_ani_00009_cha_00090_119.jpg,1,multiple_spliced
Sp_D_nat_00049_ani_00039_ani_00040_ani_00041_232.jpg,./data\Dataset\Sp\Sp_D_nat_00049_ani_00039_ani_00040_ani_00041_232.jpg,1,multiple_spliced
Sp_D_nat_00049_ani_00069_ani_00041_114.jpg,./data\Dataset\Sp\Sp_D_nat_00049_ani_00069_ani_00041_114.jpg,1,multiple_spliced
Sp_D_nat_00061_ani_00070_arc_00053_125.jpg,./data\Dataset\Sp\Sp_D_nat_00061_ani_00070_arc_00053_125.jpg,1,multiple_spliced
Sp_D_nat_00078_ani_00073_ani_00081_ani_00081_167.jpg,./data\Dataset\Sp\Sp_D_nat_00078_ani_00073_ani_00081_ani_00081_167.jpg,1,multiple_spliced
Sp_D_nat_00080_pla_00099_pla_00099_ani_00078_148.jpg,./data\Dataset\Sp\Sp_D_nat_00080_pla_00099_pla_00099_ani_00078_148.jpg,1,multiple_spliced
Sp_D_nat_00082_pla_00089_pla_00040_ani_00005_166.jpg,./data\Dataset\Sp\Sp_D_nat_00082_pla_00089_pla_00040_ani_00005_166.jpg,1,multiple_spliced
Sp_D_nat_00085_ani_00039_ani_00034_140.jpg,./data\Dataset\Sp\Sp_D_nat_00085_ani_00039_ani_00034_140.jpg,1,multiple_spliced
Sp_D_nat_00090_cha_00089_ani_00005_159.jpg,./data\Dataset\Sp\Sp_D_nat_00090_cha_00089_ani_00005_159.jpg,1,multiple_spliced
Sp_D_nat_00092_cha_00051_art_00033_136.jpg,./data\Dataset\Sp\Sp_D_nat_00092_cha_00051_art_00033_136.jpg,1,multiple_spliced
Sp_D_nat_00097_ani_00064_pla_00084_arc_00060_233.jpg,./data\Dataset\Sp\Sp_D_nat_00097_ani_00064_pla_00084_arc_00060_233.jpg,1,multiple_spliced
Sp_D_nat_00097_arc_00013_arc_00060_cha_00042_168.jpg,./data\Dataset\Sp\Sp_D_nat_00097_arc_00013_arc_00060_cha_00042_168.jpg,1,multiple_spliced
Sp_D_nat_00099_ani_00071_ani_00070_170.jpg,./data\Dataset\Sp\Sp_D_nat_00099_ani_00071_ani_00070_170.jpg,1,multiple_spliced
Sp_D_nat_0012_art_0035_cha_0088_280.jpg,./data\Dataset\Sp\Sp_D_nat_0012_art_0035_cha_0088_280.jpg,1,multiple_spliced
Sp_D_nat_0046_nat_0067_ani_0004_pla_0077_270.jpg,./data\Dataset\Sp\Sp_D_nat_0046_nat_0067_ani_0004_pla_0077_270.jpg,1,multiple_spliced
Sp_D_nat_0067_nat_0067_ani_0072_ani_0013_269.jpg,./data\Dataset\Sp\Sp_D_nat_0067_nat_0067_ani_0072_ani_0013_269.jpg,1,multiple_spliced
Sp_D_nat_0080_pla_0095_ani_0021_254.jpg,./data\Dataset\Sp\Sp_D_nat_0080_pla_0095_ani_0021_254.jpg,1,multiple_spliced
Sp_D_nat_0083_pla_0002_arc_0044_299.jpg,./data\Dataset\Sp\Sp_D_nat_0083_pla_0002_arc_0044_299.jpg,1,multiple_spliced
Sp_D_nat_0099_arc_0006_nat_0078_ani_0005_266.jpg,./data\Dataset\Sp\Sp_D_nat_0099_arc_0006_nat_0078_ani_0005_266.jpg,1,multiple_spliced
Sp_D_nat_10153_cha_10176_ani_30488_88.jpg,./data\Dataset\Sp\Sp_D_nat_10153_cha_10176_ani_30488_88.jpg,1,multiple_spliced
Sp_D_nat_20012_ani30184_nat_20008_arc_00013_91.jpg,./data\Dataset\Sp\Sp_D_nat_20012_ani30184_nat_20008_arc_00013_91.jpg,1,multiple_spliced
Sp_D_nat_20051_nat_20008_ani_20039_cha_30157_59.jpg,./data\Dataset\Sp\Sp_D_nat_20051_nat_20008_ani_20039_cha_30157_59.jpg,1,multiple_spliced
Sp_D_nat_30079_ ani_30268_cha_30656_ cha_30130_39.jpg,./data\Dataset\Sp\Sp_D_nat_30079_ ani_30268_cha_30656_ cha_30130_39.jpg,1,multiple_spliced
Sp_D_nat_30127_sec_00081_cha_30212_ani_00095_58.jpg,./data\Dataset\Sp\Sp_D_nat_30127_sec_00081_cha_30212_ani_00095_58.jpg,1,multiple_spliced
Sp_D_nat_30155_cha_30090_cha_20034_cha_10174_57.jpg,./data\Dataset\Sp\Sp_D_nat_30155_cha_30090_cha_20034_cha_10174_57.jpg,1,multiple_spliced
Sp_D_nat_30165_ani_00058_art_30625_ani_10192_82.jpg,./data\Dataset\Sp\Sp_D_nat_30165_ani_00058_art_30625_ani_10192_82.jpg,1,multiple_spliced
Sp_D_nat_30173_ani_00037_sec_30132_ nat_20008_72.jpg,./data\Dataset\Sp\Sp_D_nat_30173_ani_00037_sec_30132_ nat_20008_72.jpg,1,multiple_spliced
Sp_D_nat_30221_ani_30532_cha_30244_261.jpg,./data\Dataset\Sp\Sp_D_nat_30221_ani_30532_cha_30244_261.jpg,1,multiple_spliced
Sp_D_nat_30221_sec_00063_ani_30172_cha_30620_49.jpg,./data\Dataset\Sp\Sp_D_nat_30221_sec_00063_ani_30172_cha_30620_49.jpg,1,multiple_spliced
Sp_D_nat_30223_ani_30092_ cha_30630_pla_00069_48.jpg,./data\Dataset\Sp\Sp_D_nat_30223_ani_30092_ cha_30630_pla_00069_48.jpg,1,multiple_spliced
Sp_D_nat_30262_cha_30412_ani_30546_cha_00052_74.jpg,./data\Dataset\Sp\Sp_D_nat_30262_cha_30412_ani_30546_cha_00052_74.jpg,1,multiple_spliced
Sp_D_nat_30320_ani_00033 _cha_30129_cha_30026_67.jpg,./data\Dataset\Sp\Sp_D_nat_30320_ani_00033 _cha_30129_cha_30026_67.jpg,1,multiple_spliced
Sp_D_nat_30395_sec_30346_cha_30280_ani_20054_76.jpg,./data\Dataset\Sp\Sp_D_nat_30395_sec_30346_cha_30280_ani_20054_76.jpg,1,multiple_spliced
Sp_D_nat_30402_art_30462_cha_30675_ani_00079_60.jpg,./data\Dataset\Sp\Sp_D_nat_30402_art_30462_cha_30675_ani_00079_60.jpg,1,multiple_spliced
Sp_D_nat_30465_sec_30462_sec_00002_ani_30204_64.jpg,./data\Dataset\Sp\Sp_D_nat_30465_sec_30462_sec_00002_ani_30204_64.jpg,1,multiple_spliced
Sp_D_nat_30519_ani_00003_cha_30244_246.jpg,./data\Dataset\Sp\Sp_D_nat_30519_ani_00003_cha_30244_246.jpg,1,multiple_spliced
SP_D_nat_30627_ani_00025_ani_00088_ani_00083_238.jpg,./data\Dataset\Sp\SP_D_nat_30627_ani_00025_ani_00088_ani_00083_238.jpg,1,forged
Sp_D_nat_30659_art_30648_cha_20024_art_30551_14.jpg,./data\Dataset\Sp\Sp_D_nat_30659_art_30648_cha_20024_art_30551_14.jpg,1,multiple_spliced
Sp_D_nat_30687_art_30592_art_30440_ art_30550_37.jpg,./data\Dataset\Sp\Sp_D_nat_30687_art_30592_art_30440_ art_30550_37.jpg,1,multiple_spliced
Sp_D_nat_30693_ ani_30562_ cha_30229_ cha_30317_62.jpg,./data\Dataset\Sp\Sp_D_nat_30693_ ani_30562_ cha_30229_ cha_30317_62.jpg,1,multiple_spliced
Sp_D_nat_30698_ani_00070_cha_00009_152.jpg,./data\Dataset\Sp\Sp_D_nat_30698_ani_00070_cha_00009_152.jpg,1,multiple_spliced
Sp_D_nat_30698_sec30506_art_30439_ani_00017_77.jpg,./data\Dataset\Sp\Sp_D_nat_30698_sec30506_art_30439_ani_00017_77.jpg,1,multiple_spliced
Sp_D_nat_30716_ani_00071_ani_00048_ani_00096_84.jpg,./data\Dataset\Sp\Sp_D_nat_30716_ani_00071_ani_00048_ani_00096_84.jpg,1,multiple_spliced
Sp_D_pla_00058_pla_00064_cha_00058_111.jpg,./data\Dataset\Sp\Sp_D_pla_00058_pla_00064_cha_00058_111.jpg,1,multiple_spliced
Sp_D_pla_00073_pla_30096_pla_30221_247.jpg,./data\Dataset\Sp\Sp_D_pla_00073_pla_30096_pla_30221_247.jpg,1,multiple_spliced
Sp_D_pla_00085_pla_00086_pla_00086_ani_00002_ani_00064_ani_00077_ani_00081_109.jpg,./data\Dataset\Sp\Sp_D_pla_00085_pla_00086_pla_00086_ani_00002_ani_00064_ani_00077_ani_00081_109.jpg,1,multiple_spliced
Sp_D_pla_00086_ani_00013_ani_00012_ani_00005_164.jpg,./data\Dataset\Sp\Sp_D_pla_00086_ani_00013_ani_00012_ani_00005_164.jpg,1,multiple_spliced
Sp_D_pla_00088_sec_00025_pla_00017_121.jpg,./data\Dataset\Sp\Sp_D_pla_00088_sec_00025_pla_00017_121.jpg,1,multiple_spliced
Sp_D_pla_00099_pla_00073_ani_00014_253.jpg,./data\Dataset\Sp\Sp_D_pla_00099_pla_00073_ani_00014_253.jpg,1,multiple_spliced
Sp_D_pla_0010_ani_0073_ani_0061_276.jpg,./data\Dataset\Sp\Sp_D_pla_0010_ani_0073_ani_0061_276.jpg,1,multiple_spliced
Sp_D_pla_0020_pla_0034_ani_0065_284.jpg,./data\Dataset\Sp\Sp_D_pla_0020_pla_0034_ani_0065_284.jpg,1,multiple_spliced
Sp_D_pla_20057_cha_30227_ cha_30112_ cha_30371_61.jpg,./data\Dataset\Sp\Sp_D_pla_20057_cha_30227_ cha_30112_ cha_30371_61.jpg,1,multiple_spliced
Sp_D_pla_20084_pla_20083_pla_30221_248.jpg,./data\Dataset\Sp\Sp_D_pla_20084_pla_20083_pla_30221_248.jpg,1,multiple_spliced
Sp_D_pla_30233_pla_30234_pla_30285_244.jpg,./data\Dataset\Sp\Sp_D_pla_30233_pla_30234_pla_30285_244.jpg,1,multiple_spliced
Sp_D_pla_30268_pla_30285_pla_30228_245.jpg,./data\Dataset\Sp\Sp_D_pla_30268_pla_30285_pla_30228_245.jpg,1,multiple_spliced
Sp_D_pla_30491_pla_30497_pla_30495_250.jpg,./data\Dataset\Sp\Sp_D_pla_30491_pla_30497_pla_30495_250.jpg,1,multiple_spliced
Sp_D_pla_30524_pla_30522_pla_30525_249.jpg,./data\Dataset\Sp\Sp_D_pla_30524_pla_30522_pla_30525_249.jpg,1,multiple_spliced
Sp_D_pla_30725_pla_30183_ani_00005_ani_00017_243.jpg,./data\Dataset\Sp\Sp_D_pla_30725_pla_30183_ani_00005_ani_00017_243.jpg,1,multiple_spliced
Sp_D_sec_00003_cha_00041_nat_00063_190.jpg,./data\Dataset\Sp\Sp_D_sec_00003_cha_00041_nat_00063_190.jpg,1,multiple_spliced
Sp_D_sec_00024_cha_00074_art_00053_143.jpg,./data\Dataset\Sp\Sp_D_sec_00024_cha_00074_art_00053_143.jpg,1,multiple_spliced
Sp_D_sec_00031_sec_00032_sec_00032_sec_00035_cha_0040_108.jpg,./data\Dataset\Sp\Sp_D_sec_00031_sec_00032_sec_00032_sec_00035_cha_0040_108.jpg,1,multiple_spliced
Sp_D_sec_00043_pla_00004_pla_00089_ani_00074_234.jpg,./data\Dataset\Sp\Sp_D_sec_00043_pla_00004_pla_00089_ani_00074_234.jpg,1,multiple_spliced
Sp_D_sec_00060_ cha_30694_cha_00047_ cha_30022_46.jpg,./data\Dataset\Sp\Sp_D_sec_00060_ cha_30694_cha_00047_ cha_30022_46.jpg,1,multiple_spliced
Sp_D_sec_00063_sec_00061_cha_00038_127.jpg,./data\Dataset\Sp\Sp_D_sec_00063_sec_00061_cha_00038_127.jpg,1,multiple_spliced
Sp_D_sec_00066_cha_00065_cha_00088_120.jpg,./data\Dataset\Sp\Sp_D_sec_00066_cha_00065_cha_00088_120.jpg,1,multiple_spliced
Sp_D_sec_00070_ani_00089_cha_00089_sec_00032_231.jpg,./data\Dataset\Sp\Sp_D_sec_00070_ani_00089_cha_00089_sec_00032_231.jpg,1,multiple_spliced
Sp_D_sec_00073_art_00006_art_00076_131.jpg,./data\Dataset\Sp\Sp_D_sec_00073_art_00006_art_00076_131.jpg,1,multiple_spliced
Sp_D_sec_00075_pla_30063_pla_20099_ani_20057_40.jpg,./data\Dataset\Sp\Sp_D_sec_00075_pla_30063_pla_20099_ani_20057_40.jpg,1,multiple_spliced
Sp_D_sec_00075_txt_00005_art_00052_115.jpg,./data\Dataset\Sp\Sp_D_sec_00075_txt_00005_art_00052_115.jpg,1,multiple_spliced
Sp_D_sec_00089_ani_00009_ani_00007_pla_00084_169.jpg,./data\Dataset\Sp\Sp_D_sec_00089_ani_00009_ani_00007_pla_00084_169.jpg,1,multiple_spliced
Sp_D_sec_00098_ ani_00064_ani_10101_ ani_00013_38.jpg,./data\Dataset\Sp\Sp_D_sec_00098_ ani_00064_ani_10101_ ani_00013_38.jpg,1,multiple_spliced
Sp_D_sec_0021_cha_0091_cha_0093_268.jpg,./data\Dataset\Sp\Sp_D_sec_0021_cha_0091_cha_0093_268.jpg,1,multiple_spliced
Sp_D_sec_0023_art_0088_art_0095_272.jpg,./data\Dataset\Sp\Sp_D_sec_0023_art_0088_art_0095_272.jpg,1,multiple_spliced
Sp_D_sec_0030_arc_0021_cha_0042_ani_0012_265.jpg,./data\Dataset\Sp\Sp_D_sec_0030_arc_0021_cha_0042_ani_0012_265.jpg,1,multiple_spliced
Sp_D_sec_0039_cha_0077_art_0072_300.jpg,./data\Dataset\Sp\Sp_D_sec_0039_cha_0077_art_0072_300.jpg,1,multiple_spliced
Sp_D_sec_0071_art_0047_art_0039_256.jpg,./data\Dataset\Sp\Sp_D_sec_0071_art_0047_art_0039_256.jpg,1,multiple_spliced
Sp_D_sec_0077_pla_0038_art_0056_274.jpg,./data\Dataset\Sp\Sp_D_sec_0077_pla_0038_art_0056_274.jpg,1,multiple_spliced
Sp_D_sec_20059_arc_30193_ani_30321_92.jpg,./data\Dataset\Sp\Sp_D_sec_20059_arc_30193_ani_30321_92.jpg,1,multiple_spliced
Sp_D_sec_30017_ sec_30687_cha_30275_ani_30740_65.jpg,./data\Dataset\Sp\Sp_D_sec_30017_ sec_30687_cha_30275_ani_30740_65.jpg,1,multiple_spliced
Sp_D_sec_30018 _cha_20034_cha_30225 _cha_30096_16.jpg,./data\Dataset\Sp\Sp_D_sec_30018 _cha_20034_cha_30225 _cha_30096_16.jpg,1,multiple_spliced
Sp_D_sec_30154_cha_30542_cha_30015_cha_30345_34.jpg,./data\Dataset\Sp\Sp_D_sec_30154_cha_30542_cha_30015_cha_30345_34.jpg,1,multiple_spliced
Sp_D_sec_30174_ cha_30696_ cha_30586_cha_30198_45.jpg,./data\Dataset\Sp\Sp_D_sec_30174_ cha_30696_ cha_30586_cha_30198_45.jpg,1,multiple_spliced
Sp_D_sec_30177_ani_30501_cha_30157_cha_30022_71.jpg,./data\Dataset\Sp\Sp_D_sec_30177_ani_30501_cha_30157_cha_30022_71.jpg,1,multiple_spliced
Sp_D_sec_30197_ ani_30004_ pla_30532_ani_10136_50.jpg,./data\Dataset\Sp\Sp_D_sec_30197_ ani_30004_ pla_30532_ani_10136_50.jpg,1,multiple_spliced
Sp_D_sec_30202_ani_10123_ani_10209_ani_00013_73.jpg,./data\Dataset\Sp\Sp_D_sec_30202_ani_10123_ani_10209_ani_00013_73.jpg,1,multiple_spliced
Sp_D_sec_30365_sec_30107_cha_30294_228 (1).jpg,./data\Dataset\Sp\Sp_D_sec_30365_sec_30107_cha_30294_228 (1).jpg,1,multiple_spliced
Sp_D_sec_30365_sec_30107_cha_30294_228.jpg,./data\Dataset\Sp\Sp_D_sec_30365_sec_30107_cha_30294_228.jpg,1,multiple_spliced
Sp_D_sec_30381_arc_30042_arc_30549_ani00047_94.jpg,./data\Dataset\Sp\Sp_D_sec_30381_arc_30042_arc_30549_ani00047_94.jpg,1,multiple_spliced
Sp_D_sec_30511_art_30625_ani_20015_83.jpg,./data\Dataset\Sp\Sp_D_sec_30511_art_30625_ani_20015_83.jpg,1,multiple_spliced
Sp_D_sec_30555_ani_30001_ cha_30607_ani_30204_63.jpg,./data\Dataset\Sp\Sp_D_sec_30555_ani_30001_ cha_30607_ani_30204_63.jpg,1,multiple_spliced
Sp_D_sec_30610_cha_30602_cha_30534_cha_30532_15.jpg,./data\Dataset\Sp\Sp_D_sec_30610_cha_30602_cha_30534_cha_30532_15.jpg,1,multiple_spliced
Sp_D_sec_30628_ani_10142_sec_00002_ani_30461_66.jpg,./data\Dataset\Sp\Sp_D_sec_30628_ani_10142_sec_00002_ani_30461_66.jpg,1,multiple_spliced
Sp_D_txt_00002_txt_00001_txt_00018_239.jpg,./data\Dataset\Sp\Sp_D_txt_00002_txt_00001_txt_00018_239.jpg,1,multiple_spliced
Sp_D_txt_0001_art_0056_pla_0039_283.jpg,./data\Dataset\Sp\Sp_D_txt_0001_art_0056_pla_0039_283.jpg,1,multiple_spliced
Sp_D_txt_00021_pla_00084_arc_00017_110.jpg,./data\Dataset\Sp\Sp_D_txt_00021_pla_00084_arc_00017_110.jpg,1,multiple_spliced
Sp_D_txt_00026_art_00089_art_00065_154.jpg,./data\Dataset\Sp\Sp_D_txt_00026_art_00089_art_00065_154.jpg,1,multiple_spliced
Sp_D_txt_0002_cha_0060_art_0067_282.jpg,./data\Dataset\Sp\Sp_D_txt_0002_cha_0060_art_0067_282.jpg,1,multiple_spliced
Sp_D_txt_00030_cha_00026_art_00065_147.jpg,./data\Dataset\Sp\Sp_D_txt_00030_cha_00026_art_00065_147.jpg,1,multiple_spliced
Sp_D_txt_00031_txt_10114_txt_00018_241.jpg,./data\Dataset\Sp\Sp_D_txt_00031_txt_10114_txt_00018_241.jpg,1,multiple_spliced
Sp_D_txt_00057_txt_00048_txt_00053_93.jpg,./data\Dataset\Sp\Sp_D_txt_00057_txt_00048_txt_00053_93.jpg,1,multiple_spliced
Sp_D_txt_00065_txt_00069_txt_30005_242.jpg,./data\Dataset\Sp\Sp_D_txt_00065_txt_00069_txt_30005_242.jpg,1,multiple_spliced
Sp_D_txt_00066_txt_00063_txt_00068_163.jpg,./data\Dataset\Sp\Sp_D_txt_00066_txt_00063_txt_00068_163.jpg,1,multiple_spliced
Sp_D_txt_00075_txt_00045_txt_00074_240.jpg,./data\Dataset\Sp\Sp_D_txt_00075_txt_00045_txt_00074_240.jpg,1,multiple_spliced
Sp_D_txt_00092_txt_00038_cha_00091_cha_00095_118.jpg,./data\Dataset\Sp\Sp_D_txt_00092_txt_00038_cha_00091_cha_00095_118.jpg,1,multiple_spliced
Sp_D_txt_00098_art_00023_cha_00060_113.jpg,./data\Dataset\Sp\Sp_D_txt_00098_art_00023_cha_00060_113.jpg,1,multiple_spliced
Sp_D_txt_0013_art_0061_art_0089_271.jpg,./data\Dataset\Sp\Sp_D_txt_0013_art_0061_art_0089_271.jpg,1,multiple_spliced
Sp_D_txt_0030_art_0036_pla_0074_275.jpg,./data\Dataset\Sp\Sp_D_txt_0030_art_0036_pla_0074_275.jpg,1,multiple_spliced
Sp_D_txt_10112_ani_00054_ani_30638_229.jpg,./data\Dataset\Sp\Sp_D_txt_10112_ani_00054_ani_30638_229.jpg,1,multiple_spliced
